person_age,gender,city,urban_type,family_size,dependents,house_ownership,occupation,person_emp_length,income_seasonal,person_income,loan_intent,loan_amnt,loan_int_rate,loan_percent_income,loan_tenor_months,nepra_income_tier,utility_units_per_month,monthly_bill_pkr,bills_paid_ontime_12mo,bills_late_12mo,payment_streak_months,has_mobile_wallet,wallet_provider,mobile_txn_per_month,has_smartphone,peer_defaults,has_guarantor,cb_person_default_on_file,cb_cred_hist_length_years,is_unbanked,loan_status,data_source
40,male,Sialkot,peri_urban,4,0,own,Small shopkeeper,0.5,0,538200,medical_emergency,10311,35.9,0.019,3,lower_middle,310,12236.0,11,1,4,0,None,0,1,2,1,N,2,0,0,synthetic_PK_calibrated
22,female,Rawalpindi,urban,8,1,family_home,Street food vendor,0.7,1,346056,equipment_purchase,129358,29.0,0.374,9,low,159,4288.0,6,6,4,1,EasyPaisa,21,1,4,1,Y,0,1,0,synthetic_PK_calibrated
45,male,Karachi,urban,7,5,rent,Daily wage laborer,9.0,0,267564,livestock,144643,23.0,0.541,18,very_low,111,1553.0,4,8,3,1,JazzCash,25,1,4,1,N,0,1,1,synthetic_PK_calibrated
27,female,Lahore,urban,8,1,rent,Small farmer,0.5,1,331992,home_repair,128684,31.1,0.388,24,lower_middle,314,12394.0,4,8,5,1,NayaPay,24,1,3,0,Y,0,0,1,synthetic_PK_calibrated
46,male,Gujranwala,urban,5,0,rent,Construction worker,0.5,1,498216,equipment_purchase,67623,28.8,0.136,9,low,195,5259.0,6,6,3,1,EasyPaisa,24,1,2,0,N,0,0,1,synthetic_PK_calibrated
47,male,Rahim Yar Khan,rural_adjacent,4,1,rent,Small shopkeeper,1.3,0,621312,equipment_purchase,132659,22.4,0.214,9,lower_middle,182,7184.0,12,0,7,1,JazzCash,34,1,1,0,N,0,1,0,synthetic_PK_calibrated
36,male,Lahore,urban,8,4,rent,Street food vendor,2.1,1,296844,working_capital,75467,19.5,0.254,9,low,100,2697.0,4,8,2,1,SadaPay,7,1,3,0,Y,0,1,0,synthetic_PK_calibrated
25,female,Bahawalpur,rural_adjacent,5,2,family_home,Construction worker,1.6,1,444516,medical_emergency,105689,33.1,0.238,9,low,118,3182.0,4,8,1,0,None,0,1,3,0,Y,3,1,0,synthetic_PK_calibrated
21,female,Bahawalpur,rural_adjacent,4,2,rent,Small farmer,9.2,1,431184,working_capital,64040,29.6,0.149,9,lower_middle,278,10973.0,7,5,6,0,None,0,1,4,0,Y,2,1,0,synthetic_PK_calibrated
37,male,Karachi,urban,2,0,rent,Fruit/veg cart,1.0,0,388080,home_repair,91416,23.5,0.236,12,very_low,63,881.0,5,7,6,0,None,0,0,4,0,N,3,0,0,synthetic_PK_calibrated
40,male,Karachi,urban,6,3,family_home,Motorcycle mechanic,2.7,0,384264,working_capital,41212,33.9,0.107,12,lower_middle,183,7223.0,11,1,6,1,SadaPay,31,0,4,0,N,2,0,0,synthetic_PK_calibrated
51,female,Multan,peri_urban,3,0,rent,Street food vendor,2.7,1,476532,inventory_purchase,61958,27.3,0.13,6,low,153,4126.0,6,6,4,1,SadaPay,23,1,3,0,Y,3,0,1,synthetic_PK_calibrated
44,male,Karachi,urban,2,0,own,Small shopkeeper,2.9,0,616260,livestock,129046,24.8,0.209,6,lower_middle,199,7855.0,8,4,7,0,None,0,0,2,1,N,1,0,1,synthetic_PK_calibrated
34,male,Peshawar,peri_urban,6,3,rent,Daily wage laborer,1.6,0,245892,working_capital,22019,30.9,0.09,9,very_low,54,755.0,4,8,5,1,EasyPaisa,17,0,4,0,Y,2,1,0,synthetic_PK_calibrated
31,male,Bahawalpur,rural_adjacent,8,1,rent,Small farmer,9.9,1,192972,working_capital,72215,20.9,0.374,24,lower_middle,297,11723.0,7,5,5,1,SadaPay,6,1,4,1,N,2,0,0,synthetic_PK_calibrated
45,male,Rahim Yar Khan,rural_adjacent,7,5,own,Home-based worker,1.7,0,298056,livestock,46975,29.9,0.158,12,very_low,59,825.0,8,4,6,1,EasyPaisa,20,1,2,0,Y,1,0,1,synthetic_PK_calibrated
56,male,Lahore,urban,4,0,rent,Informal factory worker,4.2,0,354432,inventory_purchase,99297,23.7,0.28,6,lower_middle,274,10815.0,8,4,3,0,None,0,1,5,0,N,0,0,0,synthetic_PK_calibrated
55,male,Sialkot,peri_urban,3,0,family_home,Self-employed electrician,1.3,0,642576,working_capital,143429,28.1,0.223,12,middle,378,17229.0,8,4,7,0,None,0,1,3,0,N,2,0,0,synthetic_PK_calibrated
32,female,Peshawar,peri_urban,2,0,family_home,Small farmer,0.5,1,347076,home_repair,10486,19.5,0.03,18,lower_middle,188,7420.0,5,7,7,0,None,0,1,3,0,N,1,0,1,synthetic_PK_calibrated
33,male,Rahim Yar Khan,rural_adjacent,6,2,family_home,Self-employed electrician,5.3,0,472176,working_capital,26677,30.6,0.056,6,middle,355,16181.0,7,5,5,0,None,0,0,3,0,N,3,1,0,synthetic_PK_calibrated
36,female,Peshawar,peri_urban,5,1,family_home,Small farmer,3.6,1,624960,medical_emergency,49482,22.6,0.079,6,lower_middle,198,7815.0,7,5,5,1,EasyPaisa,20,1,3,0,Y,3,0,0,synthetic_PK_calibrated
44,female,Bahawalpur,rural_adjacent,3,1,family_home,Rickshaw/bike driver,2.3,0,324348,equipment_purchase,119065,21.0,0.367,3,low,144,3884.0,3,9,7,1,NayaPay,20,0,4,0,Y,0,0,1,synthetic_PK_calibrated
31,male,Sialkot,peri_urban,5,3,rent,Street food vendor,1.3,1,490224,medical_emergency,110616,23.0,0.226,18,low,157,4234.0,4,8,3,1,SadaPay,28,1,3,0,N,2,0,0,synthetic_PK_calibrated
21,male,Bahawalpur,rural_adjacent,6,0,family_home,Construction worker,3.2,1,525516,education,25309,32.9,0.048,3,low,117,3155.0,8,4,2,0,None,0,1,5,1,N,1,1,0,synthetic_PK_calibrated
22,male,Multan,peri_urban,3,1,rent,Small farmer,5.2,1,462288,medical_emergency,26949,33.8,0.058,6,lower_middle,264,10420.0,5,7,3,0,None,0,1,4,1,N,0,0,0,synthetic_PK_calibrated
49,female,Multan,peri_urban,8,6,rent,Domestic worker,3.6,0,288480,working_capital,80745,24.3,0.28,24,very_low,63,881.0,5,7,2,1,SadaPay,19,1,3,0,Y,1,0,1,synthetic_PK_calibrated
36,male,Rahim Yar Khan,rural_adjacent,6,1,rent,Self-employed electrician,15.7,0,803184,medical_emergency,147709,30.6,0.184,12,middle,322,14677.0,9,3,9,1,NayaPay,17,1,2,0,N,2,0,0,synthetic_PK_calibrated
24,male,Multan,peri_urban,6,0,own,Rickshaw/bike driver,0.8,0,321324,livestock,146560,26.7,0.456,24,low,111,2994.0,8,4,4,1,JazzCash,28,1,3,1,N,1,1,0,synthetic_PK_calibrated
34,male,Faisalabad,urban,3,1,rent,Construction worker,2.7,1,240660,education,87838,27.2,0.365,12,low,187,5043.0,6,6,1,1,NayaPay,8,1,2,0,N,2,0,1,synthetic_PK_calibrated
41,male,Lahore,urban,6,3,rent,Domestic worker,1.1,0,349764,home_repair,78479,28.6,0.224,12,very_low,59,825.0,6,6,4,1,NayaPay,23,1,4,0,Y,2,1,1,synthetic_PK_calibrated
52,male,Bahawalpur,rural_adjacent,5,1,rent,Street food vendor,1.8,1,457404,inventory_purchase,9324,35.7,0.02,24,low,161,4342.0,6,6,1,0,None,0,1,3,0,N,2,1,0,synthetic_PK_calibrated
45,male,Sialkot,peri_urban,3,1,family_home,Self-employed electrician,0.9,0,744516,education,6828,27.1,0.009,12,middle,299,13628.0,9,3,9,0,None,0,1,2,1,N,0,0,0,synthetic_PK_calibrated
21,male,Sialkot,peri_urban,2,0,rent,Rickshaw/bike driver,4.6,0,280104,home_repair,5235,25.4,0.019,18,low,114,3075.0,6,6,4,1,JazzCash,6,0,1,1,N,3,0,1,synthetic_PK_calibrated
56,male,Bahawalpur,rural_adjacent,6,4,rent,Construction worker,7.0,1,519900,home_repair,48303,26.1,0.093,24,low,177,4774.0,5,7,3,0,None,0,1,3,0,Y,2,1,0,synthetic_PK_calibrated
25,female,Multan,peri_urban,3,1,rent,Small shopkeeper,5.2,0,709320,education,15789,31.5,0.022,18,lower_middle,290,11446.0,8,4,7,0,None,0,0,3,1,N,0,0,0,synthetic_PK_calibrated
32,male,Peshawar,peri_urban,5,3,own,Street food vendor,2.4,1,316452,home_repair,80683,27.8,0.255,9,low,107,2886.0,3,9,3,0,None,0,0,4,1,Y,3,1,1,synthetic_PK_calibrated
32,male,Rahim Yar Khan,rural_adjacent,8,3,own,Street food vendor,3.8,1,377676,working_capital,57329,31.9,0.152,6,low,207,5583.0,6,6,5,0,None,0,1,4,0,Y,1,0,1,synthetic_PK_calibrated
55,male,Rahim Yar Khan,rural_adjacent,7,2,own,Rickshaw/bike driver,1.6,0,495072,equipment_purchase,68731,27.7,0.139,9,low,120,3236.0,7,5,6,1,JazzCash,27,1,3,0,Y,1,0,1,synthetic_PK_calibrated
43,male,Peshawar,peri_urban,2,0,rent,Self-employed electrician,2.2,0,423588,equipment_purchase,24816,20.7,0.059,24,middle,342,15588.0,9,3,8,1,JazzCash,8,0,1,0,N,0,1,0,synthetic_PK_calibrated
38,male,Sialkot,peri_urban,6,4,rent,Small shopkeeper,0.8,0,368604,working_capital,16485,28.1,0.045,12,lower_middle,198,7815.0,10,2,6,1,EasyPaisa,29,1,2,1,Y,0,1,0,synthetic_PK_calibrated
47,female,Gujranwala,urban,2,0,own,Small shopkeeper,4.3,0,574152,home_repair,90595,22.3,0.158,6,lower_middle,246,9710.0,10,2,7,1,EasyPaisa,4,0,1,0,Y,3,0,0,synthetic_PK_calibrated
37,male,Gujranwala,urban,6,2,rent,Daily wage laborer,5.3,0,323592,home_repair,92955,24.0,0.287,6,very_low,68,951.0,5,7,3,0,None,0,0,3,0,Y,3,0,1,synthetic_PK_calibrated
41,female,Rawalpindi,urban,8,0,own,Small farmer,16.9,1,408756,education,121739,20.4,0.298,18,lower_middle,193,7618.0,5,7,6,1,JazzCash,23,0,2,0,Y,1,0,0,synthetic_PK_calibrated
44,male,Multan,peri_urban,3,1,rent,Daily wage laborer,0.9,0,370500,equipment_purchase,147736,25.5,0.399,12,very_low,106,1483.0,3,9,4,1,JazzCash,8,1,4,1,N,3,1,1,synthetic_PK_calibrated
30,male,Multan,peri_urban,4,2,own,Construction worker,9.9,1,528756,home_repair,64129,18.6,0.121,12,low,153,4126.0,5,7,4,0,None,0,0,3,1,Y,3,1,0,synthetic_PK_calibrated
28,male,Bahawalpur,rural_adjacent,4,1,rent,Home-based worker,2.7,0,213120,medical_emergency,93929,19.9,0.441,18,very_low,84,1175.0,6,6,5,0,None,0,1,3,0,Y,3,1,0,synthetic_PK_calibrated
36,male,Multan,peri_urban,2,0,family_home,Construction worker,4.1,1,269052,livestock,42641,28.6,0.158,3,low,111,2994.0,3,9,7,0,None,0,1,4,0,N,1,0,1,synthetic_PK_calibrated
42,female,Karachi,urban,8,2,rent,Self-employed electrician,7.9,0,792744,livestock,139055,25.9,0.175,12,middle,382,17412.0,11,1,7,1,SadaPay,4,1,1,0,Y,2,0,0,synthetic_PK_calibrated
54,female,Karachi,urban,6,1,family_home,Small shopkeeper,8.3,0,781368,livestock,78972,26.6,0.101,12,lower_middle,302,11920.0,4,8,8,0,None,0,1,2,1,N,1,0,0,synthetic_PK_calibrated
49,female,Sialkot,peri_urban,2,0,rent,Daily wage laborer,1.1,0,217740,home_repair,48001,32.4,0.22,18,very_low,102,1427.0,8,4,3,1,SadaPay,5,1,3,0,Y,1,0,0,synthetic_PK_calibrated
23,male,Faisalabad,urban,7,4,family_home,Rickshaw/bike driver,7.3,0,554532,working_capital,78781,35.4,0.142,3,low,209,5637.0,8,4,3,1,JazzCash,4,0,1,0,N,3,0,0,synthetic_PK_calibrated
51,male,Rawalpindi,urban,2,0,own,Fruit/veg cart,5.5,0,267444,inventory_purchase,22602,35.2,0.085,12,very_low,63,881.0,8,4,5,1,NayaPay,29,1,2,0,Y,2,0,1,synthetic_PK_calibrated
45,male,Multan,peri_urban,6,3,rent,Rickshaw/bike driver,1.0,0,362736,working_capital,76719,28.2,0.212,18,low,180,4855.0,3,9,7,1,NayaPay,4,1,2,0,Y,2,1,1,synthetic_PK_calibrated
55,male,Bahawalpur,rural_adjacent,6,2,family_home,Street food vendor,0.8,1,269628,inventory_purchase,47534,20.9,0.176,12,low,214,5772.0,7,5,0,0,None,0,1,2,0,N,2,1,0,synthetic_PK_calibrated
50,male,Sialkot,peri_urban,4,1,rent,Domestic worker,3.1,0,222516,home_repair,88807,31.9,0.399,12,very_low,112,1567.0,4,8,2,0,None,0,0,5,0,Y,0,1,1,synthetic_PK_calibrated
54,male,Faisalabad,urban,4,0,rent,Small farmer,0.5,1,504996,education,94186,26.1,0.187,18,lower_middle,258,10183.0,5,7,4,1,EasyPaisa,30,0,4,0,Y,1,0,1,synthetic_PK_calibrated
47,female,Sialkot,peri_urban,4,1,family_home,Self-employed electrician,2.2,0,830568,inventory_purchase,31431,33.6,0.038,12,middle,410,18688.0,9,3,7,0,None,0,0,3,0,Y,3,1,1,synthetic_PK_calibrated
26,male,Karachi,urban,5,1,own,Daily wage laborer,1.4,0,227508,medical_emergency,39531,28.1,0.174,3,very_low,95,1329.0,5,7,0,0,None,0,1,5,0,N,1,0,0,synthetic_PK_calibrated
37,female,Multan,peri_urban,8,5,rent,Daily wage laborer,2.6,0,367500,medical_emergency,74298,19.9,0.202,3,very_low,94,1315.0,6,6,6,0,None,0,0,1,1,Y,1,1,1,synthetic_PK_calibrated
52,male,Karachi,urban,2,0,family_home,Construction worker,1.7,1,408672,working_capital,132118,21.6,0.323,12,low,125,3371.0,5,7,2,0,None,0,1,2,1,Y,0,0,1,synthetic_PK_calibrated
31,female,Karachi,urban,5,1,own,Home-based worker,3.9,0,262860,medical_emergency,38662,29.6,0.147,3,very_low,56,783.0,6,6,5,0,None,0,0,3,1,N,1,0,0,synthetic_PK_calibrated
55,female,Rawalpindi,urban,8,2,rent,Domestic worker,6.2,0,311952,education,84561,25.3,0.271,18,very_low,119,1665.0,6,6,3,0,None,0,0,4,0,Y,2,0,1,synthetic_PK_calibrated
23,female,Multan,peri_urban,3,0,own,Small farmer,17.6,1,614652,home_repair,129677,29.8,0.211,9,lower_middle,284,11209.0,6,6,6,1,EasyPaisa,16,0,4,0,N,1,0,0,synthetic_PK_calibrated
55,female,Sialkot,peri_urban,7,5,own,Daily wage laborer,4.0,0,382920,working_capital,106459,28.7,0.278,24,very_low,86,1203.0,7,5,4,1,SadaPay,15,1,4,0,N,3,1,0,synthetic_PK_calibrated
42,male,Faisalabad,urban,7,5,rent,Domestic worker,8.6,0,209592,education,76635,24.8,0.366,9,very_low,59,825.0,6,6,2,1,SadaPay,13,1,4,0,Y,3,0,0,synthetic_PK_calibrated
33,male,Faisalabad,urban,3,0,own,Domestic worker,1.1,0,346152,inventory_purchase,137311,30.3,0.397,24,very_low,84,1175.0,5,7,7,1,JazzCash,15,1,4,0,Y,3,0,1,synthetic_PK_calibrated
35,female,Gujranwala,urban,3,0,rent,Home-based worker,4.5,0,154692,home_repair,53320,33.1,0.345,6,very_low,57,797.0,4,8,3,0,None,0,1,3,0,Y,0,0,0,synthetic_PK_calibrated
23,male,Bahawalpur,rural_adjacent,6,4,own,Daily wage laborer,4.3,0,379176,education,116279,31.5,0.307,18,very_low,111,1553.0,6,6,9,1,JazzCash,34,1,4,1,Y,3,1,0,synthetic_PK_calibrated
32,female,Karachi,urban,2,0,rent,Small farmer,8.1,1,485112,education,105494,30.5,0.217,12,lower_middle,233,9197.0,5,7,4,0,None,0,1,3,1,N,3,1,0,synthetic_PK_calibrated
21,male,Rahim Yar Khan,rural_adjacent,3,1,family_home,Rickshaw/bike driver,3.1,0,374616,equipment_purchase,78770,31.8,0.21,24,low,192,5178.0,5,7,4,1,JazzCash,16,1,2,0,N,1,0,0,synthetic_PK_calibrated
55,female,Bahawalpur,rural_adjacent,6,2,rent,Daily wage laborer,0.9,0,360552,inventory_purchase,126999,19.6,0.352,24,very_low,117,1637.0,3,9,2,1,NayaPay,29,1,4,0,Y,2,1,0,synthetic_PK_calibrated
55,male,Gujranwala,urban,2,0,rent,Rickshaw/bike driver,6.6,0,409788,livestock,145507,22.1,0.355,3,low,144,3884.0,6,6,8,0,None,0,0,3,0,Y,0,0,0,synthetic_PK_calibrated
43,female,Faisalabad,urban,2,0,rent,Rickshaw/bike driver,4.5,0,350724,livestock,54104,21.2,0.154,18,low,135,3641.0,8,4,5,1,JazzCash,34,1,4,1,Y,0,1,0,synthetic_PK_calibrated
54,male,Karachi,urban,7,4,family_home,Home-based worker,2.1,0,287052,working_capital,59253,22.8,0.206,18,very_low,73,1021.0,3,9,2,0,None,0,1,3,0,N,0,1,1,synthetic_PK_calibrated
24,male,Karachi,urban,7,1,family_home,Home-based worker,3.1,0,195060,livestock,130541,28.0,0.669,6,very_low,93,1301.0,4,8,3,0,None,0,0,3,1,Y,2,0,0,synthetic_PK_calibrated
35,male,Gujranwala,urban,5,0,rent,Construction worker,2.4,1,518364,medical_emergency,23752,33.2,0.046,18,low,107,2886.0,6,6,6,1,SadaPay,6,0,3,1,Y,2,0,0,synthetic_PK_calibrated
52,male,Faisalabad,urban,3,0,rent,Daily wage laborer,1.9,0,333516,medical_emergency,88362,32.2,0.265,24,very_low,114,1595.0,4,8,3,1,SadaPay,19,1,2,0,Y,3,0,0,synthetic_PK_calibrated
49,female,Rahim Yar Khan,rural_adjacent,5,1,rent,Informal factory worker,6.2,0,522264,equipment_purchase,141728,28.4,0.271,18,lower_middle,245,9670.0,8,4,4,0,None,0,1,3,0,N,1,0,1,synthetic_PK_calibrated
25,male,Bahawalpur,rural_adjacent,6,1,own,Home-based worker,0.5,0,329712,livestock,33179,25.9,0.101,12,very_low,117,1637.0,3,9,5,1,SadaPay,14,0,3,0,Y,1,1,1,synthetic_PK_calibrated
44,male,Rahim Yar Khan,rural_adjacent,8,6,family_home,Construction worker,5.6,1,286200,working_capital,142478,30.5,0.498,12,low,182,4909.0,3,9,1,0,None,0,1,4,0,Y,3,1,1,synthetic_PK_calibrated
56,female,Peshawar,peri_urban,4,2,own,Informal factory worker,4.2,0,356316,equipment_purchase,68037,26.7,0.191,24,lower_middle,193,7618.0,8,4,5,0,None,0,1,3,0,N,3,0,0,synthetic_PK_calibrated
37,male,Multan,peri_urban,4,0,own,Small farmer,2.7,1,188052,inventory_purchase,33380,25.1,0.178,24,lower_middle,231,9118.0,5,7,3,1,EasyPaisa,19,1,2,0,Y,1,0,0,synthetic_PK_calibrated
29,female,Lahore,urban,6,3,own,Small farmer,9.3,1,524052,working_capital,101722,19.9,0.194,12,lower_middle,213,8407.0,7,5,5,1,JazzCash,24,1,3,1,N,1,0,1,synthetic_PK_calibrated
36,female,Sialkot,peri_urban,8,5,family_home,Daily wage laborer,2.0,0,293040,equipment_purchase,129917,31.8,0.443,6,very_low,101,1413.0,6,6,4,1,NayaPay,6,1,5,0,Y,0,0,0,synthetic_PK_calibrated
22,male,Karachi,urban,2,0,own,Small shopkeeper,1.2,0,721500,livestock,22153,28.8,0.031,18,lower_middle,301,11880.0,9,3,6,1,SadaPay,13,1,2,0,N,0,1,0,synthetic_PK_calibrated
33,male,Bahawalpur,rural_adjacent,5,1,family_home,Rickshaw/bike driver,0.7,0,349536,medical_emergency,129447,23.7,0.37,3,low,143,3857.0,4,8,7,0,None,0,1,2,0,Y,1,0,0,synthetic_PK_calibrated
51,male,Gujranwala,urban,2,0,family_home,Domestic worker,5.6,0,273468,education,49638,26.8,0.182,12,very_low,78,1091.0,6,6,2,0,None,0,1,4,0,Y,0,1,1,synthetic_PK_calibrated
44,female,Gujranwala,urban,2,0,family_home,Informal factory worker,3.3,0,390636,working_capital,85102,29.1,0.218,6,lower_middle,182,7184.0,3,9,4,1,EasyPaisa,26,1,3,0,N,3,0,1,synthetic_PK_calibrated
53,female,Bahawalpur,rural_adjacent,4,2,rent,Construction worker,1.6,1,424548,education,119914,20.5,0.282,24,low,155,4180.0,5,7,2,1,SadaPay,21,0,5,0,N,3,1,0,synthetic_PK_calibrated
26,male,Gujranwala,urban,6,1,own,Daily wage laborer,5.1,0,369756,home_repair,114458,27.0,0.31,24,very_low,53,741.0,3,9,4,0,None,0,1,5,0,Y,3,1,0,synthetic_PK_calibrated
49,male,Faisalabad,urban,8,3,rent,Home-based worker,1.1,0,256776,livestock,39051,26.9,0.152,9,very_low,96,1343.0,10,2,7,0,None,0,1,4,0,N,0,0,1,synthetic_PK_calibrated
22,male,Rahim Yar Khan,rural_adjacent,7,4,family_home,Domestic worker,3.5,0,310656,inventory_purchase,27436,26.7,0.088,18,very_low,100,1399.0,7,5,2,1,NayaPay,6,0,2,0,Y,3,0,0,synthetic_PK_calibrated
25,male,Faisalabad,urban,5,0,family_home,Construction worker,3.8,1,444828,equipment_purchase,108302,22.4,0.243,12,low,123,3317.0,5,7,1,1,EasyPaisa,31,1,4,0,Y,3,0,1,synthetic_PK_calibrated
39,male,Faisalabad,urban,5,1,rent,Daily wage laborer,0.6,0,226488,equipment_purchase,70428,18.9,0.311,12,very_low,56,783.0,3,9,3,0,None,0,1,3,0,N,0,0,1,synthetic_PK_calibrated
44,female,Rawalpindi,urban,2,0,rent,Street food vendor,1.7,1,361476,inventory_purchase,67032,35.6,0.185,18,low,216,5826.0,4,8,3,0,None,0,1,4,0,Y,1,0,1,synthetic_PK_calibrated
40,male,Rahim Yar Khan,rural_adjacent,3,1,rent,Small farmer,7.6,1,352284,medical_emergency,105158,27.0,0.299,18,lower_middle,291,11486.0,5,7,6,1,NayaPay,11,0,3,0,Y,1,1,0,synthetic_PK_calibrated
47,female,Bahawalpur,rural_adjacent,7,2,family_home,Motorcycle mechanic,3.2,0,649416,home_repair,108850,32.0,0.168,9,lower_middle,276,10894.0,8,4,7,1,NayaPay,26,1,2,0,N,2,0,0,synthetic_PK_calibrated
34,female,Bahawalpur,rural_adjacent,5,3,own,Street food vendor,2.9,1,302676,working_capital,9135,27.1,0.03,12,low,101,2724.0,4,8,6,0,None,0,1,5,0,Y,3,1,1,synthetic_PK_calibrated
38,female,Peshawar,peri_urban,8,0,rent,Domestic worker,5.4,0,334020,education,31170,20.9,0.093,9,very_low,70,979.0,6,6,3,0,None,0,0,4,0,Y,2,1,1,synthetic_PK_calibrated
25,female,Bahawalpur,rural_adjacent,3,0,family_home,Fruit/veg cart,17.7,0,375588,working_capital,30556,25.6,0.081,6,very_low,52,727.0,7,5,4,1,SadaPay,27,1,3,1,Y,1,0,1,synthetic_PK_calibrated
52,male,Rawalpindi,urban,5,2,rent,Small farmer,1.6,1,449196,home_repair,68278,23.5,0.152,18,lower_middle,303,11959.0,2,10,2,1,NayaPay,5,0,2,0,Y,2,0,0,synthetic_PK_calibrated
52,female,Karachi,urban,4,1,rent,Construction worker,3.3,1,512952,equipment_purchase,27010,25.6,0.053,3,low,137,3695.0,4,8,3,1,NayaPay,31,0,2,0,Y,1,0,0,synthetic_PK_calibrated
26,male,Faisalabad,urban,8,0,rent,Informal factory worker,1.5,0,473184,home_repair,82175,23.1,0.174,24,lower_middle,299,11802.0,6,6,6,1,EasyPaisa,10,1,4,1,Y,3,1,0,synthetic_PK_calibrated
41,female,Bahawalpur,rural_adjacent,6,0,rent,Small farmer,0.5,1,244488,working_capital,63643,22.0,0.26,12,lower_middle,191,7539.0,6,6,9,0,None,0,1,2,0,N,2,0,0,synthetic_PK_calibrated
31,female,Gujranwala,urban,2,0,rent,Domestic worker,5.9,0,243804,medical_emergency,83002,22.3,0.34,12,very_low,101,1413.0,5,7,4,0,None,0,1,4,0,Y,3,0,0,synthetic_PK_calibrated
27,male,Lahore,urban,3,0,rent,Construction worker,8.9,1,329148,education,100074,21.5,0.304,9,low,105,2832.0,2,10,2,1,JazzCash,30,1,4,0,Y,3,1,0,synthetic_PK_calibrated
45,male,Lahore,urban,7,1,rent,Small farmer,3.4,1,225936,home_repair,119598,28.3,0.529,18,lower_middle,305,12038.0,7,5,6,1,JazzCash,25,1,5,0,Y,3,1,1,synthetic_PK_calibrated
31,male,Sialkot,peri_urban,8,3,family_home,Small shopkeeper,6.9,0,605184,inventory_purchase,139832,28.9,0.231,6,lower_middle,187,7381.0,6,6,11,0,None,0,0,1,0,N,1,1,0,synthetic_PK_calibrated
52,male,Lahore,urban,8,1,family_home,Domestic worker,1.8,0,263064,equipment_purchase,65058,31.3,0.247,18,very_low,115,1609.0,7,5,4,1,NayaPay,10,1,2,0,Y,3,0,1,synthetic_PK_calibrated
56,male,Rahim Yar Khan,rural_adjacent,2,0,family_home,Home-based worker,1.0,0,292032,home_repair,67493,26.0,0.231,6,very_low,87,1217.0,7,5,4,1,NayaPay,10,1,4,0,Y,1,1,0,synthetic_PK_calibrated
55,male,Bahawalpur,rural_adjacent,5,0,own,Small shopkeeper,1.9,0,850836,equipment_purchase,125234,24.9,0.147,9,lower_middle,235,9275.0,7,5,5,1,EasyPaisa,19,1,2,1,Y,0,1,1,synthetic_PK_calibrated
50,female,Lahore,urban,7,2,own,Fruit/veg cart,14.3,0,399408,inventory_purchase,125956,26.3,0.315,24,very_low,94,1315.0,5,7,2,1,SadaPay,28,1,2,1,Y,3,0,0,synthetic_PK_calibrated
48,male,Bahawalpur,rural_adjacent,6,3,family_home,Fruit/veg cart,2.0,0,359676,education,131060,21.5,0.364,3,very_low,98,1371.0,5,7,2,1,NayaPay,4,1,4,0,Y,3,0,1,synthetic_PK_calibrated
32,male,Rawalpindi,urban,6,0,family_home,Domestic worker,0.9,0,292536,education,97021,22.1,0.332,9,very_low,73,1021.0,6,6,2,1,SadaPay,6,1,3,0,N,1,0,0,synthetic_PK_calibrated
39,male,Sialkot,peri_urban,2,0,family_home,Daily wage laborer,11.5,0,375660,working_capital,111233,26.8,0.296,9,very_low,75,1049.0,8,4,3,0,None,0,1,4,0,Y,1,0,0,synthetic_PK_calibrated
23,female,Rawalpindi,urban,5,0,rent,Small shopkeeper,22.2,0,570036,equipment_purchase,29045,22.0,0.051,6,lower_middle,292,11525.0,10,2,9,1,NayaPay,6,1,2,0,N,3,0,0,synthetic_PK_calibrated
43,female,Bahawalpur,rural_adjacent,4,2,rent,Small farmer,6.3,1,426432,medical_emergency,125356,18.1,0.294,18,lower_middle,205,8091.0,7,5,3,1,JazzCash,26,1,3,0,Y,0,1,1,synthetic_PK_calibrated
49,male,Faisalabad,urban,4,1,family_home,Construction worker,1.7,1,253176,medical_emergency,76312,27.0,0.301,6,low,144,3884.0,6,6,0,1,EasyPaisa,17,1,3,1,N,1,0,1,synthetic_PK_calibrated
27,male,Rawalpindi,urban,4,1,rent,Small farmer,2.1,1,236724,livestock,129184,20.2,0.546,3,lower_middle,232,9157.0,4,8,5,1,JazzCash,22,1,3,0,Y,0,0,0,synthetic_PK_calibrated
47,male,Karachi,urban,7,5,own,Home-based worker,6.5,0,242928,livestock,51154,22.9,0.211,3,very_low,108,1511.0,7,5,3,1,EasyPaisa,19,0,4,1,Y,1,1,0,synthetic_PK_calibrated
27,male,Karachi,urban,6,3,rent,Daily wage laborer,11.3,0,293616,working_capital,118550,35.0,0.404,9,very_low,114,1595.0,3,9,4,0,None,0,1,4,0,Y,1,0,1,synthetic_PK_calibrated
29,male,Bahawalpur,rural_adjacent,6,4,family_home,Small shopkeeper,5.0,0,578160,education,21211,32.1,0.037,12,lower_middle,287,11328.0,10,2,6,0,None,0,1,0,0,Y,2,0,0,synthetic_PK_calibrated
26,female,Rawalpindi,urban,5,2,family_home,Daily wage laborer,3.2,0,243084,inventory_purchase,81396,31.6,0.335,18,very_low,58,811.0,6,6,4,0,None,0,1,4,0,N,0,1,0,synthetic_PK_calibrated
20,female,Sialkot,peri_urban,6,0,family_home,Small shopkeeper,0.5,0,867396,equipment_purchase,25132,34.4,0.029,6,lower_middle,233,9197.0,8,4,8,0,None,0,1,3,0,N,0,0,0,synthetic_PK_calibrated
48,male,Sialkot,peri_urban,3,1,family_home,Domestic worker,0.5,0,275172,working_capital,133681,31.9,0.486,24,very_low,77,1077.0,3,9,2,1,SadaPay,28,1,5,0,N,2,0,0,synthetic_PK_calibrated
55,male,Multan,peri_urban,4,0,own,Street food vendor,0.5,1,489432,livestock,97769,28.9,0.2,18,low,219,5906.0,5,7,4,1,NayaPay,30,1,5,0,Y,3,0,0,synthetic_PK_calibrated
30,female,Karachi,urban,4,1,rent,Fruit/veg cart,1.8,0,379932,livestock,123452,27.5,0.325,12,very_low,106,1483.0,6,6,6,0,None,0,1,4,0,Y,3,0,1,synthetic_PK_calibrated
45,male,Bahawalpur,rural_adjacent,7,0,family_home,Small shopkeeper,1.0,0,407268,equipment_purchase,49605,32.5,0.122,6,lower_middle,194,7657.0,9,3,4,0,None,0,1,2,0,N,2,0,0,synthetic_PK_calibrated
36,female,Lahore,urban,8,3,family_home,Motorcycle mechanic,3.0,0,623472,inventory_purchase,10451,22.7,0.017,3,lower_middle,195,7697.0,7,5,7,1,NayaPay,27,1,3,1,N,2,1,0,synthetic_PK_calibrated
36,female,Karachi,urban,3,0,rent,Construction worker,12.2,1,537840,equipment_purchase,98783,31.7,0.184,18,low,205,5529.0,5,7,5,1,JazzCash,18,1,3,0,Y,2,0,1,synthetic_PK_calibrated
21,male,Sialkot,peri_urban,6,2,rent,Informal factory worker,0.5,0,397620,home_repair,112096,31.7,0.282,3,lower_middle,287,11328.0,6,6,3,1,SadaPay,28,0,3,0,Y,3,0,1,synthetic_PK_calibrated
48,male,Faisalabad,urban,2,0,rent,Construction worker,2.1,1,474552,inventory_purchase,39681,35.2,0.084,24,low,157,4234.0,7,5,7,1,NayaPay,12,0,3,0,N,0,0,0,synthetic_PK_calibrated
38,male,Rawalpindi,urban,8,1,family_home,Street food vendor,9.0,1,414408,livestock,25700,22.6,0.062,9,low,120,3236.0,7,5,6,0,None,0,1,5,0,N,1,0,0,synthetic_PK_calibrated
55,female,Sialkot,peri_urban,5,2,own,Daily wage laborer,1.7,0,259284,equipment_purchase,54976,28.6,0.212,12,very_low,98,1371.0,5,7,3,1,JazzCash,32,1,4,0,N,3,1,0,synthetic_PK_calibrated
41,female,Rawalpindi,urban,4,2,own,Rickshaw/bike driver,1.5,0,411012,home_repair,70458,21.3,0.171,24,low,140,3776.0,5,7,5,1,EasyPaisa,26,1,0,0,N,1,1,0,synthetic_PK_calibrated
50,female,Gujranwala,urban,8,5,own,Informal factory worker,0.7,0,460404,livestock,147180,19.8,0.32,3,lower_middle,318,12551.0,7,5,6,1,SadaPay,26,1,2,0,Y,1,1,1,synthetic_PK_calibrated
20,male,Peshawar,peri_urban,7,0,rent,Daily wage laborer,5.2,0,380268,livestock,46520,31.1,0.122,18,very_low,90,1259.0,3,9,3,1,SadaPay,4,1,4,0,Y,2,0,0,synthetic_PK_calibrated
54,male,Rawalpindi,urban,3,0,rent,Small shopkeeper,3.8,0,861996,equipment_purchase,44194,26.7,0.051,18,lower_middle,238,9394.0,9,3,7,1,SadaPay,20,1,2,0,N,0,0,0,synthetic_PK_calibrated
41,male,Karachi,urban,8,2,family_home,Informal factory worker,1.5,0,417096,working_capital,64722,21.4,0.155,12,lower_middle,262,10341.0,6,6,5,1,JazzCash,13,1,1,0,Y,0,1,0,synthetic_PK_calibrated
38,male,Bahawalpur,rural_adjacent,5,0,own,Street food vendor,1.9,1,387036,inventory_purchase,127332,19.8,0.329,18,low,153,4126.0,6,6,2,0,None,0,0,2,0,N,2,0,1,synthetic_PK_calibrated
24,male,Bahawalpur,rural_adjacent,4,0,rent,Domestic worker,2.2,0,333348,education,140189,20.6,0.421,9,very_low,52,727.0,3,9,3,1,SadaPay,25,1,2,1,Y,1,0,0,synthetic_PK_calibrated
53,female,Multan,peri_urban,2,0,family_home,Informal factory worker,3.3,0,308904,education,7642,19.9,0.025,6,lower_middle,227,8960.0,6,6,5,1,EasyPaisa,30,1,1,0,Y,1,0,1,synthetic_PK_calibrated
23,female,Lahore,urban,2,0,rent,Daily wage laborer,2.4,0,303648,home_repair,87289,31.4,0.287,6,very_low,95,1329.0,4,8,5,0,None,0,1,2,1,Y,3,1,1,synthetic_PK_calibrated
38,male,Rahim Yar Khan,rural_adjacent,2,0,rent,Construction worker,3.2,1,384576,working_capital,100667,18.2,0.262,3,low,183,4936.0,3,9,4,0,None,0,1,5,1,Y,0,0,0,synthetic_PK_calibrated
49,female,Karachi,urban,8,2,own,Domestic worker,8.7,0,286380,equipment_purchase,15103,35.8,0.053,9,very_low,112,1567.0,6,6,3,0,None,0,0,4,0,Y,2,1,0,synthetic_PK_calibrated
28,male,Multan,peri_urban,6,1,rent,Self-employed electrician,2.4,0,595704,equipment_purchase,131649,18.4,0.221,12,middle,393,17913.0,7,5,4,1,EasyPaisa,23,0,2,1,N,0,1,0,synthetic_PK_calibrated
20,female,Peshawar,peri_urban,6,0,rent,Construction worker,0.7,1,403824,medical_emergency,17356,18.1,0.043,12,low,120,3236.0,6,6,4,0,None,0,1,4,0,N,1,0,1,synthetic_PK_calibrated
55,male,Multan,peri_urban,8,0,rent,Self-employed electrician,2.8,0,374400,equipment_purchase,81240,24.2,0.217,9,middle,340,15497.0,8,4,6,1,EasyPaisa,6,1,2,0,N,3,0,0,synthetic_PK_calibrated
36,female,Gujranwala,urban,5,1,rent,Small shopkeeper,3.0,0,587148,medical_emergency,104977,29.4,0.179,9,lower_middle,212,8368.0,9,3,8,0,None,0,0,1,1,N,3,1,0,synthetic_PK_calibrated
27,female,Sialkot,peri_urban,7,0,own,Rickshaw/bike driver,2.1,0,363936,working_capital,48937,18.4,0.134,18,low,173,4666.0,7,5,6,1,EasyPaisa,14,0,3,0,N,1,0,0,synthetic_PK_calibrated
22,male,Lahore,urban,2,0,rent,Small shopkeeper,12.1,0,739008,working_capital,145431,18.2,0.197,12,lower_middle,196,7736.0,7,5,7,1,JazzCash,33,1,2,0,Y,1,1,1,synthetic_PK_calibrated
33,male,Gujranwala,urban,6,2,rent,Street food vendor,7.7,1,444504,medical_emergency,82535,18.8,0.186,24,low,145,3911.0,5,7,6,0,None,0,1,4,0,Y,3,0,1,synthetic_PK_calibrated
48,male,Faisalabad,urban,4,1,family_home,Fruit/veg cart,2.4,0,323952,home_repair,114162,34.7,0.352,24,very_low,89,1245.0,3,9,4,1,SadaPay,12,1,2,0,N,2,0,0,synthetic_PK_calibrated
55,female,Bahawalpur,rural_adjacent,6,1,family_home,Domestic worker,3.2,0,170988,livestock,39693,31.5,0.232,3,very_low,113,1581.0,5,7,3,0,None,0,1,3,0,Y,3,0,0,synthetic_PK_calibrated
32,female,Rahim Yar Khan,rural_adjacent,4,0,rent,Daily wage laborer,0.9,0,246900,inventory_purchase,26839,19.4,0.109,6,very_low,108,1511.0,6,6,5,0,None,0,0,4,0,Y,2,0,0,synthetic_PK_calibrated
22,male,Rawalpindi,urban,5,0,family_home,Home-based worker,3.0,0,305280,inventory_purchase,130814,21.4,0.429,12,very_low,62,867.0,6,6,6,1,JazzCash,16,0,3,0,N,0,0,1,synthetic_PK_calibrated
34,male,Rawalpindi,urban,7,0,family_home,Small shopkeeper,7.8,0,767508,home_repair,40503,32.9,0.053,12,lower_middle,283,11170.0,8,4,10,0,None,0,0,4,0,N,0,0,0,synthetic_PK_calibrated
54,male,Lahore,urban,7,2,rent,Daily wage laborer,7.6,0,359544,inventory_purchase,70206,33.1,0.195,9,very_low,97,1357.0,4,8,1,1,SadaPay,33,1,3,0,Y,0,1,1,synthetic_PK_calibrated
21,female,Rawalpindi,urban,4,2,family_home,Informal factory worker,3.5,0,372984,equipment_purchase,27164,35.7,0.073,12,lower_middle,289,11407.0,8,4,6,0,None,0,1,2,0,N,0,0,0,synthetic_PK_calibrated
37,male,Peshawar,peri_urban,4,2,family_home,Street food vendor,0.5,1,284592,inventory_purchase,21999,30.7,0.077,24,low,153,4126.0,4,8,2,0,None,0,1,3,0,N,1,0,1,synthetic_PK_calibrated
39,female,Sialkot,peri_urban,3,1,family_home,Rickshaw/bike driver,4.1,0,296280,equipment_purchase,29519,19.7,0.1,9,low,165,4450.0,6,6,4,0,None,0,1,3,1,N,1,0,0,synthetic_PK_calibrated
35,female,Gujranwala,urban,4,0,family_home,Motorcycle mechanic,4.6,0,315144,medical_emergency,145148,19.1,0.461,12,lower_middle,252,9946.0,3,9,10,0,None,0,1,1,0,Y,3,0,1,synthetic_PK_calibrated
26,male,Karachi,urban,3,1,family_home,Small shopkeeper,2.6,0,898572,equipment_purchase,66799,21.7,0.074,18,lower_middle,231,9118.0,9,3,7,0,None,0,1,0,0,N,2,0,1,synthetic_PK_calibrated
23,male,Peshawar,peri_urban,8,6,rent,Rickshaw/bike driver,0.5,0,336948,home_repair,50541,32.1,0.15,24,low,130,3506.0,5,7,5,0,None,0,1,5,1,Y,0,0,1,synthetic_PK_calibrated
53,male,Rahim Yar Khan,rural_adjacent,4,0,family_home,Small farmer,3.4,1,242496,inventory_purchase,36379,18.3,0.15,18,lower_middle,194,7657.0,3,9,3,0,None,0,0,3,0,Y,3,0,1,synthetic_PK_calibrated
35,male,Karachi,urban,7,4,family_home,Small farmer,5.7,1,575448,equipment_purchase,51151,24.7,0.089,9,lower_middle,313,12354.0,6,6,5,1,NayaPay,5,0,4,0,N,0,1,1,synthetic_PK_calibrated
51,female,Peshawar,peri_urban,7,0,family_home,Small farmer,3.3,1,262260,livestock,17100,21.2,0.065,3,lower_middle,211,8328.0,7,5,4,1,JazzCash,32,1,4,1,Y,3,0,0,synthetic_PK_calibrated
39,male,Rahim Yar Khan,rural_adjacent,2,0,own,Informal factory worker,0.7,0,292032,livestock,79055,21.7,0.271,6,lower_middle,196,7736.0,8,4,4,0,None,0,0,1,0,N,2,0,0,synthetic_PK_calibrated
49,female,Lahore,urban,7,5,rent,Construction worker,1.9,1,321012,livestock,100432,26.4,0.313,12,low,142,3830.0,2,10,2,1,SadaPay,20,1,5,0,N,0,0,1,synthetic_PK_calibrated
35,male,Karachi,urban,6,0,own,Daily wage laborer,2.5,0,237672,education,118502,31.9,0.499,6,very_low,76,1063.0,4,8,4,0,None,0,1,2,0,Y,1,1,1,synthetic_PK_calibrated
27,female,Peshawar,peri_urban,2,0,rent,Small farmer,2.2,1,428472,home_repair,6051,33.3,0.014,18,lower_middle,242,9552.0,3,9,5,0,None,0,1,3,0,Y,2,0,1,synthetic_PK_calibrated
55,male,Bahawalpur,rural_adjacent,5,2,rent,Construction worker,6.3,1,454812,medical_emergency,18255,34.9,0.04,6,low,155,4180.0,4,8,2,1,SadaPay,34,0,4,1,N,0,1,0,synthetic_PK_calibrated
22,male,Karachi,urban,3,1,family_home,Small shopkeeper,4.3,0,712188,livestock,148464,29.9,0.208,6,lower_middle,189,7460.0,10,2,8,1,NayaPay,17,0,2,0,Y,1,1,1,synthetic_PK_calibrated
44,female,Peshawar,peri_urban,2,0,family_home,Daily wage laborer,1.7,0,263640,working_capital,24309,28.7,0.092,24,very_low,111,1553.0,4,8,2,0,None,0,0,5,1,Y,3,1,0,synthetic_PK_calibrated
40,female,Karachi,urban,4,1,own,Informal factory worker,3.0,0,321276,medical_emergency,35266,28.7,0.11,3,lower_middle,240,9473.0,6,6,8,1,JazzCash,30,1,3,0,N,3,1,0,synthetic_PK_calibrated
47,female,Peshawar,peri_urban,3,0,rent,Street food vendor,0.5,1,466656,working_capital,91567,35.8,0.196,3,low,133,3587.0,2,10,1,0,None,0,1,5,0,Y,1,0,1,synthetic_PK_calibrated
36,male,Sialkot,peri_urban,7,4,family_home,Street food vendor,7.2,1,346176,home_repair,54420,26.3,0.157,18,low,209,5637.0,3,9,2,0,None,0,0,5,0,N,1,0,1,synthetic_PK_calibrated
25,male,Faisalabad,urban,5,0,family_home,Home-based worker,3.9,0,309108,medical_emergency,23019,30.3,0.074,6,very_low,62,867.0,4,8,3,1,NayaPay,18,1,2,0,N,3,0,0,synthetic_PK_calibrated
33,male,Peshawar,peri_urban,4,1,rent,Construction worker,1.4,1,408744,inventory_purchase,64550,35.2,0.158,18,low,189,5097.0,3,9,5,0,None,0,1,2,0,Y,3,1,1,synthetic_PK_calibrated
37,male,Peshawar,peri_urban,3,0,family_home,Daily wage laborer,2.0,0,347664,inventory_purchase,57227,31.8,0.165,24,very_low,72,1007.0,6,6,3,0,None,0,1,3,0,Y,3,0,1,synthetic_PK_calibrated
30,female,Rawalpindi,urban,5,0,family_home,Motorcycle mechanic,13.5,0,387156,inventory_purchase,89726,22.8,0.232,9,lower_middle,312,12315.0,6,6,5,1,JazzCash,21,1,0,0,N,2,0,0,synthetic_PK_calibrated
38,female,Rahim Yar Khan,rural_adjacent,8,5,family_home,Rickshaw/bike driver,1.5,0,424560,livestock,96128,30.4,0.226,24,low,197,5313.0,4,8,4,0,None,0,0,2,1,N,3,1,1,synthetic_PK_calibrated
41,female,Multan,peri_urban,3,1,rent,Daily wage laborer,1.1,0,261504,medical_emergency,84211,23.6,0.322,6,very_low,103,1441.0,3,9,3,1,NayaPay,27,0,4,0,N,2,1,0,synthetic_PK_calibrated
31,male,Gujranwala,urban,2,0,rent,Rickshaw/bike driver,1.0,0,264192,inventory_purchase,128805,23.0,0.488,24,low,184,4962.0,9,3,3,1,EasyPaisa,30,1,2,0,Y,2,1,1,synthetic_PK_calibrated
32,male,Rawalpindi,urban,8,3,own,Home-based worker,1.4,0,193908,livestock,25323,28.5,0.131,9,very_low,74,1035.0,5,7,4,1,SadaPay,19,1,2,0,Y,2,0,0,synthetic_PK_calibrated
38,male,Gujranwala,urban,2,0,rent,Street food vendor,4.5,1,425700,inventory_purchase,31553,18.6,0.074,12,low,131,3533.0,7,5,4,1,EasyPaisa,12,1,5,0,Y,0,0,0,synthetic_PK_calibrated
40,female,Bahawalpur,rural_adjacent,3,0,rent,Informal factory worker,16.8,0,451800,medical_emergency,138248,20.3,0.306,18,lower_middle,309,12196.0,6,6,6,1,SadaPay,32,1,3,0,N,1,0,0,synthetic_PK_calibrated
26,male,Multan,peri_urban,3,0,family_home,Street food vendor,0.5,1,433572,medical_emergency,20029,25.7,0.046,24,low,142,3830.0,8,4,2,1,NayaPay,3,0,3,0,Y,3,1,0,synthetic_PK_calibrated
35,male,Multan,peri_urban,2,0,family_home,Informal factory worker,0.8,0,412812,equipment_purchase,33992,30.1,0.082,12,lower_middle,252,9946.0,7,5,2,1,EasyPaisa,21,1,3,0,Y,2,0,0,synthetic_PK_calibrated
43,male,Gujranwala,urban,3,1,rent,Rickshaw/bike driver,0.5,0,492636,medical_emergency,85077,32.1,0.173,18,low,157,4234.0,7,5,3,0,None,0,1,3,0,Y,1,0,1,synthetic_PK_calibrated
23,male,Multan,peri_urban,8,5,family_home,Daily wage laborer,3.6,0,286488,education,11638,27.0,0.041,18,very_low,65,909.0,7,5,5,1,EasyPaisa,33,0,2,0,N,1,1,1,synthetic_PK_calibrated
47,male,Lahore,urban,6,2,family_home,Construction worker,0.5,1,435708,medical_emergency,89698,22.3,0.206,3,low,104,2805.0,5,7,2,1,EasyPaisa,3,1,5,1,Y,1,0,1,synthetic_PK_calibrated
22,female,Faisalabad,urban,2,0,rent,Daily wage laborer,2.6,0,339564,medical_emergency,133674,30.0,0.394,12,very_low,78,1091.0,7,5,4,0,None,0,1,3,0,Y,1,0,0,synthetic_PK_calibrated
41,male,Bahawalpur,rural_adjacent,7,2,rent,Rickshaw/bike driver,3.8,0,486504,medical_emergency,149403,29.7,0.307,9,low,215,5799.0,6,6,5,1,NayaPay,14,1,3,1,N,3,0,1,synthetic_PK_calibrated
47,female,Peshawar,peri_urban,5,1,family_home,Home-based worker,3.1,0,306516,working_capital,104956,27.5,0.342,18,very_low,56,783.0,5,7,3,1,EasyPaisa,13,1,1,0,N,0,1,0,synthetic_PK_calibrated
42,female,Peshawar,peri_urban,8,0,rent,Small shopkeeper,3.5,0,575436,medical_emergency,65354,26.1,0.114,24,lower_middle,233,9197.0,8,4,9,1,NayaPay,31,1,2,1,Y,3,1,0,synthetic_PK_calibrated
42,male,Faisalabad,urban,3,0,rent,Small shopkeeper,4.2,0,772296,working_capital,85820,30.2,0.111,12,lower_middle,317,12512.0,10,2,7,1,NayaPay,34,1,2,0,N,0,0,0,synthetic_PK_calibrated
38,male,Sialkot,peri_urban,4,1,rent,Domestic worker,0.5,0,275364,medical_emergency,141109,31.6,0.512,3,very_low,77,1077.0,4,8,2,1,NayaPay,32,1,4,0,Y,0,0,0,synthetic_PK_calibrated
20,male,Gujranwala,urban,6,3,rent,Street food vendor,14.2,1,360876,equipment_purchase,72616,20.7,0.201,12,low,185,4989.0,5,7,4,0,None,0,1,3,0,Y,0,0,1,synthetic_PK_calibrated
37,male,Karachi,urban,7,4,family_home,Daily wage laborer,2.5,0,334776,working_capital,24627,34.8,0.074,6,very_low,108,1511.0,4,8,4,1,SadaPay,30,1,4,1,N,2,0,0,synthetic_PK_calibrated
28,male,Gujranwala,urban,6,1,rent,Rickshaw/bike driver,7.0,0,342708,equipment_purchase,105699,22.4,0.308,9,low,158,4261.0,8,4,6,1,JazzCash,4,1,3,0,Y,0,1,0,synthetic_PK_calibrated
40,male,Faisalabad,urban,6,2,family_home,Daily wage laborer,3.4,0,377364,education,58473,21.3,0.155,3,very_low,109,1525.0,4,8,2,0,None,0,0,4,0,Y,0,1,1,synthetic_PK_calibrated
45,female,Lahore,urban,2,0,rent,Rickshaw/bike driver,1.1,0,311004,medical_emergency,118978,18.1,0.383,3,low,105,2832.0,5,7,8,1,JazzCash,15,1,3,0,N,3,0,0,synthetic_PK_calibrated
53,male,Bahawalpur,rural_adjacent,8,5,own,Daily wage laborer,3.7,0,349932,inventory_purchase,74806,34.6,0.214,18,very_low,118,1651.0,3,9,2,0,None,0,1,3,0,Y,3,1,0,synthetic_PK_calibrated
20,male,Sialkot,peri_urban,7,2,rent,Small farmer,0.8,1,262428,livestock,24023,30.2,0.092,24,lower_middle,271,10696.0,7,5,4,1,SadaPay,27,0,3,1,Y,2,1,1,synthetic_PK_calibrated
41,female,Gujranwala,urban,2,0,rent,Daily wage laborer,0.5,0,335508,education,27092,28.7,0.081,3,very_low,72,1007.0,4,8,5,0,None,0,1,4,0,Y,1,1,0,synthetic_PK_calibrated
39,female,Gujranwala,urban,6,0,family_home,Rickshaw/bike driver,4.7,0,378744,working_capital,56137,23.2,0.148,6,low,189,5097.0,6,6,3,1,SadaPay,29,1,3,0,Y,3,1,1,synthetic_PK_calibrated
54,male,Multan,peri_urban,2,0,rent,Daily wage laborer,3.9,0,283800,working_capital,70756,32.6,0.249,9,very_low,84,1175.0,7,5,2,1,SadaPay,26,1,3,0,Y,1,1,1,synthetic_PK_calibrated
53,male,Karachi,urban,3,1,own,Construction worker,3.5,1,338832,working_capital,91971,18.3,0.271,18,low,147,3965.0,4,8,5,0,None,0,1,3,0,Y,3,0,0,synthetic_PK_calibrated
24,male,Rawalpindi,urban,8,1,family_home,Daily wage laborer,6.6,0,225444,education,12533,19.0,0.056,24,very_low,53,741.0,10,2,5,1,SadaPay,4,1,5,0,N,2,0,0,synthetic_PK_calibrated
28,female,Sialkot,peri_urban,8,4,family_home,Rickshaw/bike driver,0.9,0,467460,inventory_purchase,107892,30.1,0.231,18,low,177,4774.0,5,7,7,1,NayaPay,21,1,3,1,N,2,0,0,synthetic_PK_calibrated
41,male,Rawalpindi,urban,7,0,rent,Construction worker,3.0,1,454488,home_repair,31928,19.1,0.07,24,low,188,5070.0,4,8,5,1,NayaPay,8,1,4,0,Y,3,0,0,synthetic_PK_calibrated
53,male,Rahim Yar Khan,rural_adjacent,8,5,family_home,Motorcycle mechanic,4.7,0,650268,inventory_purchase,129069,18.1,0.198,9,lower_middle,260,10262.0,6,6,5,1,EasyPaisa,29,0,1,0,N,0,0,0,synthetic_PK_calibrated
28,female,Gujranwala,urban,7,3,own,Construction worker,5.4,1,272592,home_repair,79694,24.9,0.292,3,low,102,2751.0,4,8,2,0,None,0,1,2,0,N,2,0,1,synthetic_PK_calibrated
51,female,Multan,peri_urban,5,1,family_home,Home-based worker,0.5,0,213672,livestock,14265,23.5,0.067,6,very_low,110,1539.0,4,8,5,0,None,0,1,5,0,Y,0,0,0,synthetic_PK_calibrated
43,female,Karachi,urban,7,3,own,Small farmer,0.6,1,298992,working_capital,141668,18.6,0.474,18,lower_middle,180,7105.0,9,3,4,1,JazzCash,19,1,4,0,N,1,0,0,synthetic_PK_calibrated
40,male,Faisalabad,urban,3,1,family_home,Home-based worker,0.9,0,156540,education,112357,28.7,0.718,3,very_low,92,1287.0,5,7,3,0,None,0,1,4,1,N,3,1,0,synthetic_PK_calibrated
55,male,Bahawalpur,rural_adjacent,8,4,rent,Rickshaw/bike driver,5.4,0,555324,working_capital,73689,19.3,0.133,9,low,209,5637.0,8,4,6,1,JazzCash,25,1,2,1,N,0,1,0,synthetic_PK_calibrated
32,male,Sialkot,peri_urban,6,2,family_home,Construction worker,1.7,1,272892,inventory_purchase,47818,32.5,0.175,6,low,141,3803.0,7,5,4,0,None,0,1,4,0,Y,0,0,0,synthetic_PK_calibrated
45,male,Multan,peri_urban,3,0,rent,Daily wage laborer,1.6,0,286584,home_repair,37574,19.1,0.131,12,very_low,119,1665.0,4,8,5,1,JazzCash,25,1,4,0,Y,2,0,0,synthetic_PK_calibrated
36,male,Karachi,urban,7,5,family_home,Small farmer,0.7,1,505128,education,100027,33.6,0.198,24,lower_middle,298,11762.0,8,4,2,0,None,0,1,4,0,Y,1,1,0,synthetic_PK_calibrated
55,female,Lahore,urban,8,3,own,Daily wage laborer,6.5,0,361824,education,112529,21.5,0.311,3,very_low,83,1161.0,5,7,4,1,NayaPay,33,1,2,0,N,0,1,0,synthetic_PK_calibrated
25,male,Karachi,urban,6,3,family_home,Daily wage laborer,12.0,0,280776,livestock,121278,32.9,0.432,24,very_low,85,1189.0,3,9,3,0,None,0,1,4,0,Y,0,1,1,synthetic_PK_calibrated
26,female,Gujranwala,urban,4,2,family_home,Self-employed electrician,4.8,0,679860,home_repair,77635,20.4,0.114,6,middle,340,15497.0,9,3,7,1,NayaPay,27,1,1,1,N,1,0,0,synthetic_PK_calibrated
21,male,Lahore,urban,8,0,family_home,Small farmer,8.6,1,451692,education,91442,19.6,0.202,3,lower_middle,201,7933.0,9,3,5,0,None,0,0,3,1,N,1,0,1,synthetic_PK_calibrated
28,male,Sialkot,peri_urban,7,1,family_home,Home-based worker,0.7,0,307008,working_capital,49755,34.5,0.162,6,very_low,70,979.0,5,7,3,1,JazzCash,19,0,4,0,N,1,0,0,synthetic_PK_calibrated
32,male,Bahawalpur,rural_adjacent,8,2,rent,Domestic worker,1.0,0,263400,home_repair,131082,24.3,0.498,6,very_low,75,1049.0,4,8,3,0,None,0,1,4,0,Y,0,0,0,synthetic_PK_calibrated
55,female,Faisalabad,urban,5,3,rent,Street food vendor,1.7,1,409032,medical_emergency,8228,26.4,0.02,24,low,153,4126.0,5,7,2,1,SadaPay,17,1,4,0,Y,2,0,1,synthetic_PK_calibrated
22,female,Faisalabad,urban,3,1,family_home,Daily wage laborer,2.0,0,360336,medical_emergency,48617,30.0,0.135,18,very_low,98,1371.0,7,5,4,0,None,0,1,4,1,N,1,1,0,synthetic_PK_calibrated
39,female,Karachi,urban,5,3,family_home,Small farmer,3.7,1,653628,inventory_purchase,6996,34.2,0.011,24,lower_middle,279,11012.0,6,6,4,0,None,0,1,3,0,Y,3,0,0,synthetic_PK_calibrated
56,female,Multan,peri_urban,4,1,family_home,Street food vendor,0.8,1,375984,home_repair,111311,34.7,0.296,18,low,152,4099.0,5,7,4,1,JazzCash,27,1,4,0,Y,3,0,1,synthetic_PK_calibrated
36,male,Rahim Yar Khan,rural_adjacent,2,0,own,Daily wage laborer,6.7,0,350364,working_capital,138316,20.2,0.395,12,very_low,53,741.0,3,9,5,0,None,0,0,3,1,N,0,0,0,synthetic_PK_calibrated
30,male,Sialkot,peri_urban,5,3,rent,Home-based worker,0.9,0,152868,working_capital,79205,34.8,0.518,3,very_low,63,881.0,7,5,5,0,None,0,1,3,0,Y,1,1,0,synthetic_PK_calibrated
43,male,Lahore,urban,6,0,rent,Daily wage laborer,2.9,0,313008,medical_emergency,56482,22.6,0.18,3,very_low,82,1147.0,5,7,2,1,SadaPay,13,1,4,0,N,1,1,1,synthetic_PK_calibrated
52,female,Gujranwala,urban,6,1,own,Small farmer,0.5,1,333804,home_repair,36625,25.3,0.11,3,lower_middle,293,11565.0,7,5,6,1,SadaPay,31,1,2,0,N,1,0,0,synthetic_PK_calibrated
49,male,Multan,peri_urban,2,0,rent,Informal factory worker,1.2,0,401928,education,92453,19.1,0.23,9,lower_middle,213,8407.0,9,3,5,0,None,0,1,4,0,N,0,0,0,synthetic_PK_calibrated
41,female,Multan,peri_urban,3,1,own,Home-based worker,4.6,0,323688,education,10636,21.5,0.033,12,very_low,65,909.0,2,10,5,0,None,0,1,4,0,Y,0,0,0,synthetic_PK_calibrated
40,male,Faisalabad,urban,6,4,rent,Street food vendor,3.8,1,333444,inventory_purchase,111750,25.7,0.335,18,low,208,5610.0,4,8,8,1,NayaPay,17,1,5,0,Y,3,1,1,synthetic_PK_calibrated
47,female,Faisalabad,urban,6,1,own,Small shopkeeper,11.0,0,661260,home_repair,90092,34.7,0.136,6,lower_middle,237,9354.0,10,2,5,1,JazzCash,8,1,3,0,N,1,1,0,synthetic_PK_calibrated
35,female,Karachi,urban,3,1,own,Fruit/veg cart,2.1,0,269376,education,13417,31.6,0.05,12,very_low,58,811.0,8,4,3,0,None,0,1,3,0,Y,3,0,1,synthetic_PK_calibrated
51,male,Lahore,urban,4,1,family_home,Street food vendor,12.3,1,465588,working_capital,117698,25.4,0.253,6,low,138,3722.0,2,10,3,0,None,0,1,3,0,N,2,0,1,synthetic_PK_calibrated
43,male,Gujranwala,urban,8,4,family_home,Home-based worker,3.5,0,223404,livestock,134526,25.7,0.602,12,very_low,117,1637.0,8,4,3,1,NayaPay,23,1,5,0,Y,1,1,1,synthetic_PK_calibrated
40,male,Multan,peri_urban,4,1,own,Small farmer,7.3,1,216684,home_repair,98944,21.0,0.457,12,lower_middle,241,9512.0,6,6,6,0,None,0,1,1,0,Y,3,1,1,synthetic_PK_calibrated
46,female,Rahim Yar Khan,rural_adjacent,2,0,family_home,Small shopkeeper,2.9,0,565464,medical_emergency,35373,26.2,0.063,9,lower_middle,257,10144.0,10,2,10,1,JazzCash,32,1,2,1,N,2,0,0,synthetic_PK_calibrated
20,female,Peshawar,peri_urban,8,5,own,Rickshaw/bike driver,3.8,0,389496,working_capital,76260,32.8,0.196,3,low,119,3209.0,6,6,7,1,JazzCash,19,1,3,0,N,3,1,0,synthetic_PK_calibrated
39,male,Gujranwala,urban,8,6,rent,Home-based worker,8.2,0,317328,livestock,20123,32.2,0.063,9,very_low,115,1609.0,8,4,5,0,None,0,1,3,0,Y,0,0,1,synthetic_PK_calibrated
55,male,Lahore,urban,6,3,family_home,Home-based worker,15.2,0,185508,home_repair,63123,20.4,0.34,24,very_low,78,1091.0,4,8,4,0,None,0,1,4,0,N,0,0,0,synthetic_PK_calibrated
46,male,Peshawar,peri_urban,6,0,family_home,Construction worker,4.9,1,449796,medical_emergency,100377,33.2,0.223,9,low,109,2940.0,3,9,0,0,None,0,1,2,1,Y,3,0,0,synthetic_PK_calibrated
37,male,Faisalabad,urban,4,0,rent,Informal factory worker,2.0,0,459192,home_repair,85280,34.0,0.186,6,lower_middle,214,8447.0,7,5,6,0,None,0,0,4,1,N,3,1,0,synthetic_PK_calibrated
50,male,Gujranwala,urban,3,1,family_home,Daily wage laborer,5.0,0,291312,medical_emergency,81102,30.3,0.278,9,very_low,67,937.0,6,6,4,0,None,0,0,4,0,N,3,0,1,synthetic_PK_calibrated
56,male,Peshawar,peri_urban,3,0,rent,Small shopkeeper,0.6,0,612504,home_repair,142815,22.3,0.233,24,lower_middle,255,10065.0,8,4,8,1,EasyPaisa,5,1,2,0,N,1,1,0,synthetic_PK_calibrated
22,male,Rawalpindi,urban,7,2,rent,Motorcycle mechanic,0.5,0,654480,home_repair,68749,30.4,0.105,3,lower_middle,287,11328.0,8,4,9,0,None,0,1,3,0,Y,0,1,0,synthetic_PK_calibrated
22,male,Gujranwala,urban,5,2,family_home,Construction worker,5.2,1,465924,home_repair,139479,28.2,0.299,9,low,140,3776.0,3,9,4,1,EasyPaisa,34,1,4,0,Y,0,0,1,synthetic_PK_calibrated
21,female,Gujranwala,urban,2,0,rent,Daily wage laborer,2.8,0,344232,livestock,107399,31.8,0.312,3,very_low,74,1035.0,5,7,3,1,EasyPaisa,24,1,3,0,Y,2,0,0,synthetic_PK_calibrated
56,male,Peshawar,peri_urban,8,1,rent,Daily wage laborer,1.4,0,369192,education,23316,26.4,0.063,9,very_low,93,1301.0,6,6,2,1,NayaPay,29,1,3,0,Y,1,0,1,synthetic_PK_calibrated
26,male,Rahim Yar Khan,rural_adjacent,6,3,own,Informal factory worker,0.6,0,294768,home_repair,149375,23.0,0.507,12,lower_middle,227,8960.0,9,3,7,1,JazzCash,5,1,5,0,Y,1,0,1,synthetic_PK_calibrated
30,female,Faisalabad,urban,4,2,family_home,Daily wage laborer,4.2,0,340344,education,99699,28.7,0.293,6,very_low,50,700.0,7,5,4,1,NayaPay,3,0,2,0,Y,2,0,1,synthetic_PK_calibrated
25,female,Lahore,urban,7,1,family_home,Home-based worker,2.6,0,148632,livestock,117036,20.5,0.787,18,very_low,75,1049.0,4,8,2,0,None,0,1,3,0,Y,2,1,1,synthetic_PK_calibrated
27,male,Sialkot,peri_urban,4,1,family_home,Small farmer,1.6,1,362004,inventory_purchase,66192,19.6,0.183,6,lower_middle,199,7855.0,6,6,5,0,None,0,1,3,1,N,3,1,0,synthetic_PK_calibrated
47,male,Peshawar,peri_urban,2,0,own,Small farmer,6.8,1,329352,education,32867,30.9,0.1,18,lower_middle,270,10657.0,5,7,2,0,None,0,1,2,0,N,3,1,0,synthetic_PK_calibrated
29,male,Gujranwala,urban,4,1,own,Informal factory worker,0.5,0,345120,working_capital,104108,27.0,0.302,12,lower_middle,249,9828.0,6,6,9,0,None,0,0,0,0,N,3,0,1,synthetic_PK_calibrated
41,male,Sialkot,peri_urban,8,1,family_home,Construction worker,2.6,1,337068,home_repair,100119,28.3,0.297,6,low,127,3425.0,3,9,2,0,None,0,1,3,0,Y,0,0,0,synthetic_PK_calibrated
42,female,Gujranwala,urban,8,0,family_home,Street food vendor,9.9,1,400200,medical_emergency,66715,26.2,0.167,12,low,200,5394.0,8,4,3,0,None,0,1,3,0,N,2,1,1,synthetic_PK_calibrated
38,female,Rahim Yar Khan,rural_adjacent,4,0,rent,Daily wage laborer,2.2,0,383412,livestock,105417,30.2,0.275,12,very_low,102,1427.0,5,7,1,1,EasyPaisa,17,1,5,1,N,1,0,0,synthetic_PK_calibrated
56,male,Lahore,urban,4,0,family_home,Small farmer,4.5,1,427860,education,131545,24.9,0.307,12,lower_middle,282,11131.0,8,4,7,1,JazzCash,20,0,3,0,N,1,1,0,synthetic_PK_calibrated
28,male,Multan,peri_urban,2,0,rent,Self-employed electrician,0.5,0,408804,equipment_purchase,28723,34.2,0.07,9,middle,308,14039.0,7,5,6,1,SadaPay,30,1,4,0,N,3,1,0,synthetic_PK_calibrated
44,female,Rahim Yar Khan,rural_adjacent,7,0,family_home,Rickshaw/bike driver,1.2,0,564432,equipment_purchase,42420,35.4,0.075,3,low,136,3668.0,3,9,6,0,None,0,0,3,1,Y,2,1,1,synthetic_PK_calibrated
23,male,Rawalpindi,urban,4,2,rent,Street food vendor,9.5,1,450576,home_repair,111553,19.1,0.248,6,low,101,2724.0,3,9,2,1,SadaPay,3,1,4,0,Y,0,0,1,synthetic_PK_calibrated
43,male,Bahawalpur,rural_adjacent,2,0,family_home,Daily wage laborer,2.0,0,225720,medical_emergency,138085,21.8,0.612,18,very_low,115,1609.0,3,9,5,1,SadaPay,23,1,3,0,Y,1,0,0,synthetic_PK_calibrated
38,male,Sialkot,peri_urban,7,2,own,Street food vendor,3.5,1,337908,medical_emergency,79255,32.6,0.235,6,low,141,3803.0,6,6,5,1,JazzCash,20,1,4,0,N,2,0,0,synthetic_PK_calibrated
52,male,Gujranwala,urban,3,1,family_home,Daily wage laborer,0.5,0,335628,home_repair,87597,18.0,0.261,6,very_low,82,1147.0,5,7,4,0,None,0,0,3,0,N,2,1,0,synthetic_PK_calibrated
31,male,Rahim Yar Khan,rural_adjacent,8,1,family_home,Small shopkeeper,9.2,0,449916,equipment_purchase,149434,34.8,0.332,9,lower_middle,317,12512.0,7,5,8,1,EasyPaisa,26,0,2,1,Y,3,0,0,synthetic_PK_calibrated
31,male,Bahawalpur,rural_adjacent,5,0,family_home,Small shopkeeper,1.4,0,417528,equipment_purchase,38123,35.9,0.091,6,lower_middle,271,10696.0,8,4,5,1,EasyPaisa,17,0,3,0,N,2,1,1,synthetic_PK_calibrated
21,male,Rawalpindi,urban,4,1,family_home,Motorcycle mechanic,4.6,0,654060,working_capital,114349,31.9,0.175,3,lower_middle,257,10144.0,7,5,10,1,EasyPaisa,27,0,2,0,N,3,0,0,synthetic_PK_calibrated
22,female,Sialkot,peri_urban,7,5,family_home,Motorcycle mechanic,1.0,0,566628,medical_emergency,41445,25.2,0.073,9,lower_middle,248,9789.0,8,4,9,1,JazzCash,3,1,3,0,N,3,0,0,synthetic_PK_calibrated
24,female,Multan,peri_urban,8,4,rent,Informal factory worker,2.5,0,292080,medical_emergency,104122,33.5,0.356,9,lower_middle,204,8052.0,6,6,7,1,JazzCash,4,1,3,1,Y,2,1,0,synthetic_PK_calibrated
22,male,Peshawar,peri_urban,7,0,rent,Rickshaw/bike driver,2.8,0,392484,working_capital,102247,31.8,0.261,12,low,149,4019.0,7,5,6,1,JazzCash,26,1,4,1,Y,2,0,1,synthetic_PK_calibrated
35,female,Peshawar,peri_urban,8,3,own,Informal factory worker,0.5,0,447180,education,100310,27.1,0.224,3,lower_middle,239,9433.0,8,4,5,1,JazzCash,24,0,1,0,Y,1,0,0,synthetic_PK_calibrated
32,female,Sialkot,peri_urban,8,1,own,Construction worker,7.5,1,417372,home_repair,67665,31.9,0.162,9,low,131,3533.0,5,7,4,1,NayaPay,21,1,3,1,N,1,0,0,synthetic_PK_calibrated
40,female,Rawalpindi,urban,7,2,family_home,Street food vendor,0.8,1,360000,inventory_purchase,75400,35.0,0.209,18,low,165,4450.0,3,9,5,1,SadaPay,7,1,3,0,Y,0,1,0,synthetic_PK_calibrated
51,male,Rahim Yar Khan,rural_adjacent,3,1,rent,Street food vendor,1.1,1,414804,medical_emergency,125721,34.5,0.303,3,low,162,4369.0,8,4,3,0,None,0,1,4,1,Y,1,1,1,synthetic_PK_calibrated
55,female,Lahore,urban,8,2,rent,Daily wage laborer,0.7,0,294552,home_repair,57389,29.5,0.195,6,very_low,78,1091.0,5,7,2,1,NayaPay,5,1,4,0,N,2,1,0,synthetic_PK_calibrated
29,male,Peshawar,peri_urban,5,3,rent,Daily wage laborer,0.8,0,258648,medical_emergency,43098,30.0,0.167,18,very_low,88,1231.0,2,10,2,1,JazzCash,11,0,2,1,Y,0,1,1,synthetic_PK_calibrated
54,male,Rawalpindi,urban,4,0,rent,Small shopkeeper,0.5,0,896844,working_capital,136841,31.0,0.153,18,lower_middle,222,8762.0,10,2,5,1,SadaPay,13,1,2,1,N,2,0,0,synthetic_PK_calibrated
46,male,Peshawar,peri_urban,3,1,family_home,Street food vendor,4.1,1,484116,inventory_purchase,58915,29.0,0.122,18,low,174,4693.0,6,6,2,0,None,0,1,3,0,Y,3,1,1,synthetic_PK_calibrated
27,male,Sialkot,peri_urban,4,0,rent,Small shopkeeper,2.0,0,806640,livestock,61411,32.6,0.076,12,lower_middle,277,10933.0,10,2,8,1,JazzCash,8,1,2,1,Y,1,1,0,synthetic_PK_calibrated
22,male,Multan,peri_urban,5,2,own,Home-based worker,1.9,0,271272,working_capital,14505,27.8,0.053,6,very_low,60,839.0,5,7,3,0,None,0,1,3,0,N,3,1,1,synthetic_PK_calibrated
34,male,Gujranwala,urban,5,2,rent,Domestic worker,0.5,0,335124,inventory_purchase,109292,35.5,0.326,9,very_low,77,1077.0,6,6,5,1,EasyPaisa,20,0,5,0,N,3,0,0,synthetic_PK_calibrated
48,male,Karachi,urban,6,3,own,Self-employed electrician,13.0,0,368844,equipment_purchase,117167,20.5,0.318,3,middle,285,12990.0,10,2,6,0,None,0,0,2,1,N,1,1,0,synthetic_PK_calibrated
44,male,Faisalabad,urban,3,1,rent,Street food vendor,0.5,1,346716,inventory_purchase,57021,27.1,0.164,12,low,147,3965.0,5,7,4,0,None,0,1,3,0,N,3,0,0,synthetic_PK_calibrated
48,male,Lahore,urban,3,1,own,Street food vendor,4.2,1,457260,working_capital,40010,30.3,0.087,6,low,112,3021.0,6,6,4,1,EasyPaisa,10,0,4,0,N,2,0,1,synthetic_PK_calibrated
20,male,Sialkot,peri_urban,5,3,rent,Construction worker,9.2,1,422820,education,112338,30.6,0.266,6,low,151,4072.0,5,7,5,1,SadaPay,8,1,0,0,N,3,0,0,synthetic_PK_calibrated
53,female,Bahawalpur,rural_adjacent,2,0,rent,Home-based worker,0.9,0,296712,working_capital,16539,34.5,0.056,18,very_low,66,923.0,5,7,4,1,SadaPay,28,1,4,0,Y,2,1,0,synthetic_PK_calibrated
24,male,Rahim Yar Khan,rural_adjacent,4,2,rent,Small farmer,0.5,1,220440,equipment_purchase,135000,31.1,0.612,3,lower_middle,246,9710.0,10,2,3,0,None,0,1,4,0,Y,2,1,1,synthetic_PK_calibrated
48,male,Lahore,urban,7,5,own,Small farmer,4.3,1,636384,working_capital,146222,25.6,0.23,12,lower_middle,284,11209.0,5,7,4,1,NayaPay,18,1,2,0,N,3,0,1,synthetic_PK_calibrated
24,female,Peshawar,peri_urban,7,1,rent,Rickshaw/bike driver,6.1,0,428436,home_repair,136204,24.8,0.318,6,low,130,3506.0,8,4,7,1,SadaPay,7,1,2,0,Y,0,0,1,synthetic_PK_calibrated
53,female,Karachi,urban,4,1,own,Domestic worker,2.3,0,279828,medical_emergency,94299,24.3,0.337,12,very_low,111,1553.0,5,7,5,1,JazzCash,4,1,2,0,N,1,0,0,synthetic_PK_calibrated
55,female,Lahore,urban,7,5,family_home,Rickshaw/bike driver,6.9,0,333492,education,107951,28.7,0.324,6,low,161,4342.0,6,6,6,0,None,0,1,3,1,N,0,1,0,synthetic_PK_calibrated
31,male,Lahore,urban,2,0,rent,Small farmer,2.1,1,534120,home_repair,89294,19.4,0.167,6,lower_middle,200,7894.0,8,4,4,1,NayaPay,18,0,5,0,N,2,0,0,synthetic_PK_calibrated
43,female,Gujranwala,urban,8,4,rent,Informal factory worker,6.4,0,352908,education,30596,21.4,0.087,18,lower_middle,210,8289.0,6,6,9,1,NayaPay,5,1,0,1,Y,3,1,0,synthetic_PK_calibrated
25,male,Sialkot,peri_urban,4,1,own,Rickshaw/bike driver,10.4,0,430728,home_repair,70480,19.6,0.164,3,low,206,5556.0,6,6,5,1,JazzCash,29,1,4,0,Y,0,0,0,synthetic_PK_calibrated
33,male,Karachi,urban,5,0,family_home,Daily wage laborer,0.5,0,381000,equipment_purchase,96141,30.5,0.252,18,very_low,66,923.0,4,8,2,0,None,0,1,4,0,Y,1,0,1,synthetic_PK_calibrated
39,male,Sialkot,peri_urban,2,0,family_home,Informal factory worker,3.4,0,294228,education,113684,18.9,0.386,6,lower_middle,245,9670.0,5,7,3,0,None,0,1,2,0,N,3,0,0,synthetic_PK_calibrated
40,male,Lahore,urban,2,0,own,Small shopkeeper,1.0,0,358500,education,80930,31.8,0.226,18,lower_middle,253,9986.0,11,1,8,0,None,0,1,0,1,N,1,0,0,synthetic_PK_calibrated
25,male,Sialkot,peri_urban,7,3,rent,Rickshaw/bike driver,5.8,0,375852,inventory_purchase,137659,27.9,0.366,18,low,137,3695.0,7,5,5,0,None,0,1,1,1,N,2,0,1,synthetic_PK_calibrated
34,female,Peshawar,peri_urban,4,2,rent,Small shopkeeper,0.5,0,475032,inventory_purchase,25369,25.9,0.053,3,lower_middle,271,10696.0,6,6,6,0,None,0,1,1,0,N,3,1,0,synthetic_PK_calibrated
20,female,Sialkot,peri_urban,8,4,family_home,Domestic worker,5.5,0,207408,livestock,49484,18.7,0.239,12,very_low,61,853.0,6,6,2,1,JazzCash,25,0,3,0,Y,2,1,1,synthetic_PK_calibrated
54,male,Rawalpindi,urban,7,1,rent,Motorcycle mechanic,3.0,0,387984,inventory_purchase,5055,29.0,0.013,6,lower_middle,310,12236.0,10,2,5,1,NayaPay,31,1,2,1,N,2,1,0,synthetic_PK_calibrated
39,male,Bahawalpur,rural_adjacent,2,0,rent,Small farmer,0.5,1,383280,equipment_purchase,5370,19.4,0.014,9,lower_middle,285,11249.0,7,5,4,1,EasyPaisa,8,1,3,0,N,0,1,0,synthetic_PK_calibrated
37,male,Faisalabad,urban,6,3,family_home,Small farmer,0.7,1,559668,working_capital,148956,25.8,0.266,9,lower_middle,267,10538.0,3,9,3,1,SadaPay,11,0,2,1,N,1,1,1,synthetic_PK_calibrated
25,male,Bahawalpur,rural_adjacent,6,0,own,Small shopkeeper,2.5,0,375144,medical_emergency,65148,33.9,0.174,6,lower_middle,249,9828.0,11,1,4,1,EasyPaisa,15,1,1,0,N,1,0,0,synthetic_PK_calibrated
48,male,Multan,peri_urban,3,0,own,Daily wage laborer,0.5,0,283692,working_capital,97476,24.0,0.344,12,very_low,114,1595.0,5,7,3,1,NayaPay,34,1,5,0,N,2,0,0,synthetic_PK_calibrated
53,male,Lahore,urban,4,0,rent,Daily wage laborer,4.0,0,260664,livestock,135993,31.9,0.522,24,very_low,80,1119.0,7,5,7,0,None,0,1,5,0,Y,3,1,1,synthetic_PK_calibrated
28,female,Rawalpindi,urban,7,5,rent,Self-employed electrician,14.8,0,369612,inventory_purchase,92948,25.0,0.251,12,middle,409,18642.0,11,1,7,1,JazzCash,9,0,3,1,N,0,1,0,synthetic_PK_calibrated
29,female,Bahawalpur,rural_adjacent,4,2,rent,Self-employed electrician,9.6,0,481692,working_capital,107544,30.4,0.223,9,middle,347,15816.0,8,4,7,0,None,0,1,1,0,Y,2,0,0,synthetic_PK_calibrated
44,female,Peshawar,peri_urban,5,2,family_home,Daily wage laborer,1.1,0,382188,working_capital,23847,24.1,0.062,9,very_low,115,1609.0,4,8,2,1,JazzCash,14,0,4,0,Y,2,1,1,synthetic_PK_calibrated
54,female,Faisalabad,urban,7,3,rent,Daily wage laborer,10.7,0,301032,equipment_purchase,101494,31.6,0.337,3,very_low,84,1175.0,5,7,4,0,None,0,0,5,1,Y,1,0,1,synthetic_PK_calibrated
50,female,Sialkot,peri_urban,2,0,rent,Rickshaw/bike driver,0.5,0,475716,home_repair,122026,29.7,0.257,24,low,113,3048.0,8,4,4,1,JazzCash,33,1,2,0,Y,3,0,0,synthetic_PK_calibrated
39,female,Multan,peri_urban,2,0,rent,Daily wage laborer,0.5,0,297528,medical_emergency,61176,26.6,0.206,6,very_low,97,1357.0,5,7,3,1,SadaPay,20,1,3,0,N,0,0,0,synthetic_PK_calibrated
36,female,Lahore,urban,4,2,rent,Daily wage laborer,1.0,0,233628,working_capital,135381,27.7,0.579,18,very_low,115,1609.0,4,8,6,1,JazzCash,13,0,3,0,Y,2,0,0,synthetic_PK_calibrated
33,female,Gujranwala,urban,8,6,rent,Motorcycle mechanic,4.3,0,494064,equipment_purchase,69222,24.8,0.14,12,lower_middle,225,8881.0,7,5,6,0,None,0,1,1,0,N,2,0,0,synthetic_PK_calibrated
24,male,Gujranwala,urban,7,4,family_home,Small farmer,6.5,1,325440,home_repair,77258,30.7,0.237,3,lower_middle,194,7657.0,7,5,6,1,SadaPay,19,1,3,0,N,1,1,0,synthetic_PK_calibrated
31,male,Multan,peri_urban,3,0,rent,Home-based worker,1.2,0,314928,medical_emergency,78535,31.5,0.249,24,very_low,51,713.0,6,6,1,1,JazzCash,29,1,3,0,Y,3,0,1,synthetic_PK_calibrated
52,male,Faisalabad,urban,3,1,own,Construction worker,4.4,1,507096,medical_emergency,148588,33.5,0.293,3,low,204,5502.0,5,7,6,0,None,0,0,3,0,N,2,0,0,synthetic_PK_calibrated
44,male,Lahore,urban,4,2,rent,Construction worker,1.4,1,392112,equipment_purchase,55575,18.3,0.142,12,low,193,5205.0,3,9,5,1,JazzCash,27,0,3,0,N,0,0,1,synthetic_PK_calibrated
27,male,Lahore,urban,6,1,family_home,Rickshaw/bike driver,14.4,0,442980,medical_emergency,137767,25.3,0.311,18,low,167,4504.0,6,6,6,0,None,0,0,4,1,Y,0,0,1,synthetic_PK_calibrated
47,male,Bahawalpur,rural_adjacent,8,4,family_home,Daily wage laborer,1.8,0,379944,working_capital,63643,23.6,0.168,6,very_low,96,1343.0,3,9,5,1,JazzCash,15,0,4,0,N,2,1,1,synthetic_PK_calibrated
56,female,Multan,peri_urban,3,0,own,Informal factory worker,0.5,0,505896,working_capital,6245,31.8,0.012,24,lower_middle,288,11367.0,9,3,6,0,None,0,1,3,1,Y,2,0,0,synthetic_PK_calibrated
28,female,Peshawar,peri_urban,4,2,rent,Construction worker,0.5,1,349152,education,118759,21.9,0.34,18,low,163,4396.0,5,7,1,0,None,0,1,3,0,N,2,1,0,synthetic_PK_calibrated
34,female,Rawalpindi,urban,3,1,rent,Domestic worker,3.5,0,297888,education,116451,23.0,0.391,18,very_low,100,1399.0,6,6,1,0,None,0,1,2,0,Y,1,1,0,synthetic_PK_calibrated
55,male,Karachi,urban,6,2,family_home,Informal factory worker,2.1,0,405540,equipment_purchase,69610,20.0,0.172,6,lower_middle,253,9986.0,7,5,6,1,JazzCash,7,1,2,0,Y,0,1,0,synthetic_PK_calibrated
38,male,Karachi,urban,7,5,family_home,Self-employed electrician,8.3,0,543852,equipment_purchase,133022,22.8,0.245,24,middle,362,16500.0,10,2,8,1,NayaPay,25,0,3,1,N,1,0,0,synthetic_PK_calibrated
41,male,Rahim Yar Khan,rural_adjacent,7,1,own,Self-employed electrician,0.5,0,553260,inventory_purchase,12928,29.0,0.023,24,middle,372,16956.0,7,5,8,0,None,0,1,3,0,Y,3,1,0,synthetic_PK_calibrated
49,male,Peshawar,peri_urban,2,0,family_home,Street food vendor,3.1,1,276072,education,137669,22.6,0.499,6,low,128,3452.0,5,7,5,0,None,0,1,4,0,N,0,1,0,synthetic_PK_calibrated
33,male,Karachi,urban,5,3,own,Daily wage laborer,1.5,0,361836,home_repair,5037,18.9,0.014,18,very_low,91,1273.0,5,7,6,1,SadaPay,14,0,2,0,Y,3,1,0,synthetic_PK_calibrated
43,male,Multan,peri_urban,2,0,rent,Small farmer,0.5,1,445248,working_capital,84803,23.3,0.19,18,lower_middle,310,12236.0,4,8,4,1,EasyPaisa,10,1,3,1,N,3,1,0,synthetic_PK_calibrated
34,female,Rahim Yar Khan,rural_adjacent,7,4,family_home,Daily wage laborer,1.8,0,291384,equipment_purchase,86678,19.2,0.297,9,very_low,114,1595.0,4,8,5,1,EasyPaisa,26,1,4,0,N,3,0,0,synthetic_PK_calibrated
40,male,Rawalpindi,urban,8,0,own,Rickshaw/bike driver,1.3,0,555876,home_repair,6509,26.5,0.012,9,low,211,5691.0,7,5,7,1,JazzCash,12,1,3,0,N,1,0,0,synthetic_PK_calibrated
36,female,Rahim Yar Khan,rural_adjacent,8,3,rent,Construction worker,4.9,1,272508,inventory_purchase,126292,27.3,0.463,9,low,199,5367.0,4,8,2,0,None,0,1,4,0,N,1,1,1,synthetic_PK_calibrated
32,male,Faisalabad,urban,7,5,family_home,Home-based worker,4.6,0,154848,equipment_purchase,102151,19.4,0.66,24,very_low,51,713.0,6,6,3,1,SadaPay,12,1,3,0,N,1,1,1,synthetic_PK_calibrated
36,female,Bahawalpur,rural_adjacent,6,2,rent,Informal factory worker,2.1,0,294780,education,148670,24.4,0.504,3,lower_middle,182,7184.0,3,9,4,0,None,0,1,3,0,Y,0,1,1,synthetic_PK_calibrated
34,female,Sialkot,peri_urban,5,2,own,Construction worker,4.2,1,405804,inventory_purchase,135833,21.9,0.335,18,low,178,4801.0,3,9,3,0,None,0,1,4,1,Y,3,0,1,synthetic_PK_calibrated
45,male,Rahim Yar Khan,rural_adjacent,2,0,rent,Daily wage laborer,5.6,0,286812,home_repair,66480,26.3,0.232,24,very_low,52,727.0,6,6,4,1,JazzCash,32,1,2,0,Y,0,0,1,synthetic_PK_calibrated
33,male,Peshawar,peri_urban,2,0,rent,Fruit/veg cart,1.8,0,264408,working_capital,41943,18.4,0.159,24,very_low,61,853.0,6,6,4,1,JazzCash,6,1,3,0,N,2,1,1,synthetic_PK_calibrated
47,male,Lahore,urban,2,0,family_home,Daily wage laborer,2.1,0,383184,medical_emergency,101748,24.1,0.266,24,very_low,118,1651.0,8,4,6,0,None,0,0,2,1,N,0,0,0,synthetic_PK_calibrated
53,female,Faisalabad,urban,3,1,family_home,Small shopkeeper,0.6,0,804384,livestock,21911,35.9,0.027,6,lower_middle,183,7223.0,10,2,5,0,None,0,1,2,1,N,0,0,0,synthetic_PK_calibrated
35,female,Bahawalpur,rural_adjacent,3,0,rent,Small shopkeeper,6.2,0,469020,inventory_purchase,41948,32.2,0.089,12,lower_middle,309,12196.0,9,3,9,1,NayaPay,23,1,3,1,Y,1,0,0,synthetic_PK_calibrated
36,female,Peshawar,peri_urban,4,2,family_home,Rickshaw/bike driver,7.1,0,567396,equipment_purchase,58251,27.5,0.103,6,low,125,3371.0,6,6,6,1,JazzCash,34,1,3,1,Y,0,1,0,synthetic_PK_calibrated
53,male,Peshawar,peri_urban,2,0,family_home,Street food vendor,3.9,1,374628,education,73666,30.7,0.197,9,low,163,4396.0,5,7,2,0,None,0,1,3,0,Y,3,0,1,synthetic_PK_calibrated
20,male,Lahore,urban,4,1,family_home,Construction worker,7.3,1,409440,livestock,66394,21.2,0.162,18,low,164,4423.0,9,3,3,1,JazzCash,6,1,2,0,Y,1,0,0,synthetic_PK_calibrated
44,female,Multan,peri_urban,5,0,family_home,Small farmer,2.4,1,227796,inventory_purchase,47722,24.3,0.209,24,lower_middle,270,10657.0,5,7,6,0,None,0,1,4,1,N,2,0,0,synthetic_PK_calibrated
22,female,Karachi,urban,7,1,own,Domestic worker,0.5,0,350040,equipment_purchase,5694,22.7,0.016,18,very_low,72,1007.0,6,6,6,0,None,0,1,3,0,N,0,0,0,synthetic_PK_calibrated
32,female,Peshawar,peri_urban,5,0,family_home,Daily wage laborer,5.6,0,236736,home_repair,42405,24.4,0.179,3,very_low,90,1259.0,5,7,1,0,None,0,0,3,0,Y,1,0,1,synthetic_PK_calibrated
37,male,Sialkot,peri_urban,2,0,family_home,Street food vendor,10.9,1,438444,home_repair,131812,27.0,0.301,6,low,176,4747.0,4,8,6,1,SadaPay,16,1,4,0,Y,2,1,0,synthetic_PK_calibrated
34,male,Faisalabad,urban,3,1,rent,Rickshaw/bike driver,2.1,0,444984,medical_emergency,49518,18.6,0.111,24,low,183,4936.0,5,7,3,1,NayaPay,15,1,3,1,N,1,1,0,synthetic_PK_calibrated
42,male,Multan,peri_urban,6,4,rent,Small shopkeeper,0.6,0,621228,working_capital,52655,19.0,0.085,9,lower_middle,303,11959.0,6,6,11,0,None,0,0,4,0,N,0,0,0,synthetic_PK_calibrated
40,male,Peshawar,peri_urban,7,3,rent,Street food vendor,4.4,1,416856,medical_emergency,6212,23.4,0.015,3,low,189,5097.0,6,6,8,1,EasyPaisa,26,1,4,0,N,2,0,0,synthetic_PK_calibrated
37,female,Bahawalpur,rural_adjacent,6,2,family_home,Informal factory worker,3.8,0,295092,equipment_purchase,96916,30.9,0.328,24,lower_middle,236,9315.0,3,9,5,0,None,0,0,2,1,N,2,1,0,synthetic_PK_calibrated
32,female,Rawalpindi,urban,5,3,rent,Small farmer,1.4,1,276084,medical_emergency,22152,25.1,0.08,18,lower_middle,186,7341.0,6,6,4,0,None,0,1,1,0,Y,3,1,0,synthetic_PK_calibrated
52,male,Gujranwala,urban,3,0,rent,Rickshaw/bike driver,2.4,0,534612,home_repair,118561,22.0,0.222,3,low,168,4531.0,8,4,6,0,None,0,1,4,0,N,3,0,0,synthetic_PK_calibrated
36,male,Karachi,urban,6,2,family_home,Informal factory worker,5.2,0,479304,education,78438,21.7,0.164,24,lower_middle,214,8447.0,9,3,5,1,SadaPay,33,1,4,0,N,1,0,0,synthetic_PK_calibrated
21,female,Rawalpindi,urban,4,1,own,Rickshaw/bike driver,3.8,0,469200,education,24515,23.3,0.052,9,low,106,2859.0,4,8,3,0,None,0,1,3,0,N,3,0,0,synthetic_PK_calibrated
25,male,Rahim Yar Khan,rural_adjacent,8,0,rent,Street food vendor,1.7,1,324300,equipment_purchase,28772,29.8,0.089,12,low,107,2886.0,6,6,5,1,JazzCash,3,0,3,1,N,0,1,0,synthetic_PK_calibrated
54,male,Peshawar,peri_urban,6,0,own,Domestic worker,11.6,0,298296,home_repair,6995,22.6,0.023,12,very_low,84,1175.0,5,7,4,0,None,0,1,3,0,N,1,0,1,synthetic_PK_calibrated
42,male,Bahawalpur,rural_adjacent,7,2,own,Street food vendor,8.5,1,429876,livestock,97508,25.4,0.227,3,low,100,2697.0,6,6,4,0,None,0,1,3,1,N,1,1,0,synthetic_PK_calibrated
52,male,Sialkot,peri_urban,6,3,rent,Small farmer,5.9,1,356292,working_capital,105591,29.5,0.296,3,lower_middle,313,12354.0,5,7,2,1,JazzCash,7,0,4,0,N,2,0,0,synthetic_PK_calibrated
55,male,Karachi,urban,7,2,family_home,Informal factory worker,3.7,0,345132,medical_emergency,145710,26.4,0.422,18,lower_middle,274,10815.0,5,7,4,1,NayaPay,30,1,5,1,N,2,0,0,synthetic_PK_calibrated
49,male,Multan,peri_urban,6,0,family_home,Daily wage laborer,2.9,0,229740,livestock,56667,26.7,0.247,18,very_low,90,1259.0,6,6,4,1,JazzCash,28,1,3,0,Y,2,0,1,synthetic_PK_calibrated
21,male,Karachi,urban,8,0,family_home,Street food vendor,1.2,1,280884,livestock,38583,32.8,0.137,6,low,124,3344.0,6,6,5,1,EasyPaisa,24,1,5,0,N,1,1,0,synthetic_PK_calibrated
21,female,Sialkot,peri_urban,8,2,rent,Small shopkeeper,0.9,0,471408,home_repair,142098,24.4,0.301,6,lower_middle,208,8210.0,8,4,6,1,SadaPay,9,0,1,1,Y,3,0,1,synthetic_PK_calibrated
36,male,Gujranwala,urban,8,2,rent,Small farmer,0.5,1,385740,medical_emergency,6055,34.4,0.016,18,lower_middle,241,9512.0,5,7,4,1,SadaPay,20,1,3,0,N,2,1,0,synthetic_PK_calibrated
40,female,Faisalabad,urban,8,0,family_home,Daily wage laborer,0.5,0,303264,education,41731,28.5,0.138,6,very_low,83,1161.0,6,6,2,1,JazzCash,23,1,2,0,Y,2,0,1,synthetic_PK_calibrated
50,female,Gujranwala,urban,7,4,rent,Home-based worker,8.6,0,160308,medical_emergency,21059,25.9,0.131,3,very_low,55,769.0,3,9,3,0,None,0,1,2,0,N,0,0,0,synthetic_PK_calibrated
55,female,Bahawalpur,rural_adjacent,3,1,family_home,Fruit/veg cart,4.6,0,342672,livestock,82711,28.7,0.241,6,very_low,91,1273.0,6,6,4,1,NayaPay,10,1,3,1,Y,2,1,1,synthetic_PK_calibrated
55,male,Bahawalpur,rural_adjacent,7,4,rent,Rickshaw/bike driver,3.3,0,563616,education,26711,20.2,0.047,6,low,151,4072.0,7,5,2,1,JazzCash,30,1,3,0,Y,0,1,0,synthetic_PK_calibrated
23,male,Bahawalpur,rural_adjacent,4,2,family_home,Street food vendor,0.5,1,480180,working_capital,61792,25.6,0.129,3,low,135,3641.0,3,9,4,0,None,0,1,4,0,N,1,1,0,synthetic_PK_calibrated
45,male,Karachi,urban,2,0,rent,Informal factory worker,4.3,0,494472,education,88211,20.7,0.178,3,lower_middle,187,7381.0,8,4,4,1,NayaPay,20,1,3,0,N,0,1,0,synthetic_PK_calibrated
35,female,Lahore,urban,4,1,rent,Rickshaw/bike driver,1.4,0,444624,inventory_purchase,88391,35.0,0.199,3,low,132,3560.0,4,8,4,0,None,0,1,2,0,Y,1,1,0,synthetic_PK_calibrated
45,male,Faisalabad,urban,3,0,family_home,Small shopkeeper,1.4,0,394152,equipment_purchase,43138,31.7,0.109,9,lower_middle,213,8407.0,11,1,5,1,NayaPay,26,1,0,1,N,2,1,0,synthetic_PK_calibrated
23,male,Multan,peri_urban,3,1,rent,Rickshaw/bike driver,5.0,0,475608,medical_emergency,55867,32.2,0.117,12,low,112,3021.0,6,6,5,1,JazzCash,4,0,3,1,N,2,1,0,synthetic_PK_calibrated
50,male,Sialkot,peri_urban,5,2,rent,Daily wage laborer,0.5,0,272964,education,19026,19.3,0.07,6,very_low,88,1231.0,5,7,3,0,None,0,1,4,0,Y,2,1,0,synthetic_PK_calibrated
28,male,Sialkot,peri_urban,4,2,rent,Rickshaw/bike driver,6.7,0,358920,medical_emergency,133068,27.4,0.371,12,low,160,4315.0,2,10,2,1,EasyPaisa,21,1,2,0,Y,3,1,1,synthetic_PK_calibrated
24,male,Peshawar,peri_urban,4,2,family_home,Home-based worker,5.8,0,288900,home_repair,121566,24.9,0.421,3,very_low,116,1623.0,5,7,7,0,None,0,0,4,1,N,2,0,1,synthetic_PK_calibrated
38,male,Multan,peri_urban,5,3,rent,Small shopkeeper,9.3,0,589716,inventory_purchase,52632,26.3,0.089,3,lower_middle,241,9512.0,10,2,7,1,EasyPaisa,5,0,3,0,N,2,0,0,synthetic_PK_calibrated
26,male,Sialkot,peri_urban,4,0,own,Small farmer,7.1,1,533904,medical_emergency,124640,36.0,0.233,3,lower_middle,260,10262.0,5,7,4,1,JazzCash,30,1,5,0,Y,2,0,0,synthetic_PK_calibrated
20,male,Peshawar,peri_urban,8,1,own,Informal factory worker,2.0,0,521064,livestock,25044,21.1,0.048,9,lower_middle,277,10933.0,8,4,4,0,None,0,1,1,1,N,3,0,0,synthetic_PK_calibrated
25,female,Gujranwala,urban,2,0,rent,Small shopkeeper,5.0,0,748632,inventory_purchase,75825,33.3,0.101,18,lower_middle,281,11091.0,9,3,8,0,None,0,1,1,0,Y,3,1,0,synthetic_PK_calibrated
23,female,Lahore,urban,4,1,rent,Small shopkeeper,5.9,0,689832,home_repair,92493,20.3,0.134,12,lower_middle,187,7381.0,8,4,6,1,JazzCash,21,1,2,1,Y,1,1,0,synthetic_PK_calibrated
51,female,Sialkot,peri_urban,5,3,family_home,Daily wage laborer,0.9,0,286044,inventory_purchase,131599,23.6,0.46,3,very_low,111,1553.0,6,6,1,1,EasyPaisa,34,1,3,1,Y,1,0,1,synthetic_PK_calibrated
43,female,Rawalpindi,urban,6,0,own,Informal factory worker,5.4,0,472404,medical_emergency,122035,23.1,0.258,12,lower_middle,193,7618.0,3,9,7,1,NayaPay,17,0,1,0,Y,2,0,0,synthetic_PK_calibrated
32,male,Peshawar,peri_urban,6,2,family_home,Daily wage laborer,10.8,0,216276,working_capital,83497,35.9,0.386,18,very_low,85,1189.0,6,6,2,1,JazzCash,28,1,5,0,N,1,0,0,synthetic_PK_calibrated
48,male,Peshawar,peri_urban,6,0,rent,Informal factory worker,9.9,0,356292,medical_emergency,139670,33.2,0.392,9,lower_middle,318,12551.0,6,6,6,1,SadaPay,22,0,3,1,N,2,0,0,synthetic_PK_calibrated
50,male,Multan,peri_urban,6,2,own,Home-based worker,9.6,0,304032,education,15315,29.9,0.05,12,very_low,90,1259.0,5,7,2,1,EasyPaisa,5,0,5,0,Y,2,0,0,synthetic_PK_calibrated
40,male,Lahore,urban,8,1,own,Small shopkeeper,4.6,0,462444,livestock,133259,34.2,0.288,9,lower_middle,206,8131.0,10,2,7,1,JazzCash,8,1,1,0,N,0,1,0,synthetic_PK_calibrated
37,male,Peshawar,peri_urban,3,1,family_home,Fruit/veg cart,0.5,0,221568,medical_emergency,76694,30.1,0.346,9,very_low,98,1371.0,7,5,2,0,None,0,0,5,0,Y,3,0,1,synthetic_PK_calibrated
20,male,Peshawar,peri_urban,8,5,rent,Street food vendor,5.0,1,432624,inventory_purchase,93662,34.4,0.216,3,low,207,5583.0,5,7,4,1,SadaPay,11,0,5,0,Y,0,0,1,synthetic_PK_calibrated
47,male,Lahore,urban,6,0,family_home,Informal factory worker,7.2,0,319332,home_repair,41845,32.6,0.131,9,lower_middle,198,7815.0,7,5,5,0,None,0,1,3,0,N,1,0,0,synthetic_PK_calibrated
53,male,Bahawalpur,rural_adjacent,3,1,family_home,Rickshaw/bike driver,3.6,0,481416,inventory_purchase,123915,27.7,0.257,6,low,143,3857.0,5,7,3,0,None,0,1,2,0,N,0,0,1,synthetic_PK_calibrated
42,male,Gujranwala,urban,3,0,own,Rickshaw/bike driver,11.8,0,404760,home_repair,113563,36.0,0.281,9,low,165,4450.0,10,2,4,1,NayaPay,29,1,1,0,Y,1,1,1,synthetic_PK_calibrated
52,male,Karachi,urban,3,0,rent,Rickshaw/bike driver,6.3,0,488724,equipment_purchase,104280,34.7,0.213,6,low,185,4989.0,6,6,8,0,None,0,1,3,1,N,3,0,0,synthetic_PK_calibrated
56,female,Sialkot,peri_urban,6,2,family_home,Informal factory worker,5.1,0,313284,working_capital,22300,30.6,0.071,12,lower_middle,212,8368.0,10,2,4,0,None,0,0,1,0,Y,1,1,1,synthetic_PK_calibrated
29,male,Sialkot,peri_urban,2,0,family_home,Rickshaw/bike driver,15.2,0,515124,home_repair,90757,22.2,0.176,18,low,127,3425.0,6,6,3,1,NayaPay,29,1,5,0,Y,0,1,1,synthetic_PK_calibrated
36,male,Multan,peri_urban,4,1,rent,Domestic worker,1.8,0,321144,education,123643,21.0,0.385,24,very_low,74,1035.0,4,8,4,1,EasyPaisa,29,1,3,1,N,1,0,0,synthetic_PK_calibrated
31,male,Peshawar,peri_urban,3,0,rent,Home-based worker,0.5,0,328380,inventory_purchase,22198,26.5,0.068,18,very_low,63,881.0,4,8,2,0,None,0,1,3,1,Y,0,0,0,synthetic_PK_calibrated
39,male,Faisalabad,urban,3,0,rent,Informal factory worker,2.8,0,480780,education,105264,18.7,0.219,12,lower_middle,185,7302.0,7,5,10,0,None,0,0,2,1,N,3,0,0,synthetic_PK_calibrated
26,male,Faisalabad,urban,7,5,rent,Domestic worker,1.1,0,339288,equipment_purchase,118535,19.1,0.349,9,very_low,103,1441.0,3,9,3,1,JazzCash,7,0,3,0,N,1,0,0,synthetic_PK_calibrated
32,female,Faisalabad,urban,5,1,rent,Daily wage laborer,8.4,0,217488,equipment_purchase,16920,30.4,0.078,12,very_low,91,1273.0,6,6,4,1,JazzCash,23,1,5,0,N,2,1,0,synthetic_PK_calibrated
30,female,Rahim Yar Khan,rural_adjacent,6,4,rent,Rickshaw/bike driver,3.3,0,274068,livestock,79442,19.7,0.29,6,low,134,3614.0,7,5,3,1,NayaPay,12,1,3,1,Y,3,0,0,synthetic_PK_calibrated
25,female,Rahim Yar Khan,rural_adjacent,5,1,family_home,Domestic worker,2.0,0,307944,working_capital,92638,27.5,0.301,12,very_low,105,1469.0,4,8,0,1,JazzCash,9,1,5,0,N,3,0,0,synthetic_PK_calibrated
45,male,Bahawalpur,rural_adjacent,3,1,rent,Informal factory worker,8.2,0,416148,education,47923,27.5,0.115,9,lower_middle,274,10815.0,8,4,9,0,None,0,0,2,0,Y,1,0,0,synthetic_PK_calibrated
53,male,Faisalabad,urban,7,3,rent,Street food vendor,3.8,1,317244,livestock,8093,32.6,0.026,18,low,160,4315.0,6,6,4,0,None,0,0,4,0,Y,1,1,1,synthetic_PK_calibrated
26,female,Karachi,urban,3,1,family_home,Rickshaw/bike driver,3.3,0,327468,home_repair,60030,21.4,0.183,24,low,114,3075.0,6,6,5,1,JazzCash,26,1,3,0,Y,2,1,1,synthetic_PK_calibrated
32,male,Peshawar,peri_urban,2,0,own,Informal factory worker,1.2,0,354372,home_repair,8679,32.7,0.024,3,lower_middle,253,9986.0,7,5,2,0,None,0,1,3,1,N,1,0,1,synthetic_PK_calibrated
32,male,Lahore,urban,8,3,family_home,Self-employed electrician,9.8,0,722100,equipment_purchase,34764,28.4,0.048,24,middle,400,18232.0,7,5,7,1,JazzCash,21,1,2,0,Y,3,1,1,synthetic_PK_calibrated
42,female,Rawalpindi,urban,5,2,own,Small farmer,2.7,1,394596,working_capital,25505,22.4,0.065,9,lower_middle,236,9315.0,6,6,7,1,SadaPay,8,1,5,0,N,1,0,0,synthetic_PK_calibrated
40,female,Sialkot,peri_urban,2,0,rent,Fruit/veg cart,2.2,0,348204,equipment_purchase,41534,20.0,0.119,24,very_low,75,1049.0,5,7,4,0,None,0,0,0,0,N,2,1,1,synthetic_PK_calibrated
34,female,Gujranwala,urban,8,5,rent,Rickshaw/bike driver,5.4,0,469044,home_repair,7460,25.6,0.016,24,low,112,3021.0,4,8,4,0,None,0,1,3,0,Y,1,1,0,synthetic_PK_calibrated
51,female,Peshawar,peri_urban,3,0,rent,Informal factory worker,5.6,0,376728,working_capital,108700,26.8,0.289,18,lower_middle,297,11723.0,3,9,4,0,None,0,1,3,0,Y,1,1,0,synthetic_PK_calibrated
42,male,Rawalpindi,urban,6,0,rent,Construction worker,10.7,1,418188,medical_emergency,58871,23.9,0.141,24,low,208,5610.0,4,8,5,0,None,0,1,1,0,Y,0,1,1,synthetic_PK_calibrated
32,female,Lahore,urban,8,3,rent,Motorcycle mechanic,3.7,0,365844,home_repair,108577,26.6,0.297,18,lower_middle,247,9749.0,7,5,6,1,EasyPaisa,29,1,3,0,N,0,1,1,synthetic_PK_calibrated
50,male,Sialkot,peri_urban,8,0,rent,Informal factory worker,7.2,0,375504,equipment_purchase,83971,25.2,0.224,3,lower_middle,221,8723.0,5,7,6,1,JazzCash,6,1,2,0,N,2,0,0,synthetic_PK_calibrated
55,male,Lahore,urban,7,2,own,Rickshaw/bike driver,0.5,0,287088,livestock,148279,18.9,0.516,3,low,119,3209.0,8,4,4,0,None,0,1,4,1,Y,0,0,0,synthetic_PK_calibrated
44,female,Lahore,urban,5,1,family_home,Daily wage laborer,0.5,0,225252,equipment_purchase,25448,25.4,0.113,12,very_low,55,769.0,3,9,5,0,None,0,1,2,0,N,3,0,0,synthetic_PK_calibrated
24,male,Peshawar,peri_urban,4,2,rent,Construction worker,0.5,1,509184,home_repair,91839,32.8,0.18,9,low,211,5691.0,4,8,3,1,EasyPaisa,5,1,4,0,Y,2,0,1,synthetic_PK_calibrated
22,female,Gujranwala,urban,5,2,rent,Daily wage laborer,0.7,0,297144,inventory_purchase,79965,20.5,0.269,24,very_low,76,1063.0,6,6,3,0,None,0,1,4,1,N,1,1,1,synthetic_PK_calibrated
45,male,Rawalpindi,urban,7,3,rent,Informal factory worker,6.0,0,429624,inventory_purchase,94407,23.7,0.22,6,lower_middle,194,7657.0,7,5,5,1,JazzCash,20,1,2,0,N,1,0,0,synthetic_PK_calibrated
36,male,Sialkot,peri_urban,5,1,family_home,Street food vendor,8.9,1,286908,inventory_purchase,52671,25.3,0.184,12,low,161,4342.0,3,9,5,0,None,0,1,3,0,Y,1,0,0,synthetic_PK_calibrated
22,female,Peshawar,peri_urban,8,4,family_home,Informal factory worker,1.2,0,348288,education,5528,25.2,0.016,12,lower_middle,251,9907.0,9,3,4,0,None,0,1,3,0,N,1,1,0,synthetic_PK_calibrated
37,male,Faisalabad,urban,3,0,rent,Small shopkeeper,3.8,0,437556,working_capital,88360,25.9,0.202,18,lower_middle,260,10262.0,5,7,6,1,EasyPaisa,16,1,1,0,N,0,1,0,synthetic_PK_calibrated
28,female,Bahawalpur,rural_adjacent,4,0,rent,Informal factory worker,1.2,0,339756,medical_emergency,146753,27.2,0.432,9,lower_middle,230,9078.0,9,3,5,0,None,0,1,4,0,N,3,0,0,synthetic_PK_calibrated
21,female,Rawalpindi,urban,5,3,own,Rickshaw/bike driver,3.8,0,336564,medical_emergency,108533,34.6,0.322,18,low,141,3803.0,9,3,7,1,EasyPaisa,13,1,5,1,Y,3,1,0,synthetic_PK_calibrated
35,male,Sialkot,peri_urban,6,4,own,Motorcycle mechanic,1.7,0,565836,inventory_purchase,41355,26.8,0.073,9,lower_middle,274,10815.0,9,3,5,1,JazzCash,28,1,1,0,N,2,1,0,synthetic_PK_calibrated
55,male,Multan,peri_urban,7,0,rent,Rickshaw/bike driver,0.5,0,573948,livestock,86541,27.3,0.151,18,low,148,3992.0,4,8,4,1,NayaPay,3,1,3,0,Y,2,0,1,synthetic_PK_calibrated
39,female,Rahim Yar Khan,rural_adjacent,2,0,rent,Small farmer,1.4,1,262080,medical_emergency,126677,19.3,0.483,24,lower_middle,265,10460.0,7,5,3,1,SadaPay,7,1,5,0,Y,1,1,1,synthetic_PK_calibrated
35,male,Peshawar,peri_urban,6,2,family_home,Informal factory worker,1.9,0,377196,education,68472,35.2,0.182,9,lower_middle,210,8289.0,9,3,6,1,SadaPay,5,1,1,0,N,1,0,1,synthetic_PK_calibrated
35,male,Peshawar,peri_urban,2,0,rent,Rickshaw/bike driver,8.5,0,340872,medical_emergency,72309,21.4,0.212,18,low,146,3938.0,7,5,3,1,SadaPay,24,1,3,1,N,0,0,0,synthetic_PK_calibrated
21,male,Peshawar,peri_urban,6,2,family_home,Domestic worker,1.0,0,329148,education,136940,19.1,0.416,9,very_low,61,853.0,5,7,6,1,EasyPaisa,2,1,5,0,Y,0,1,0,synthetic_PK_calibrated
32,male,Peshawar,peri_urban,6,1,rent,Street food vendor,4.5,1,276084,home_repair,108068,33.2,0.391,3,low,175,4720.0,8,4,2,1,EasyPaisa,24,0,3,0,Y,3,0,1,synthetic_PK_calibrated
47,male,Gujranwala,urban,8,6,rent,Street food vendor,0.5,1,340548,inventory_purchase,65481,22.5,0.192,3,low,205,5529.0,7,5,2,0,None,0,1,4,0,Y,1,0,0,synthetic_PK_calibrated
52,male,Rahim Yar Khan,rural_adjacent,4,2,rent,Rickshaw/bike driver,2.7,0,280548,equipment_purchase,22769,30.9,0.081,3,low,110,2967.0,4,8,3,0,None,0,1,5,1,N,0,1,1,synthetic_PK_calibrated
43,male,Rahim Yar Khan,rural_adjacent,6,1,rent,Daily wage laborer,1.8,0,327396,working_capital,105727,21.4,0.323,12,very_low,55,769.0,6,6,3,1,EasyPaisa,31,1,4,0,N,3,0,0,synthetic_PK_calibrated
27,female,Rawalpindi,urban,8,2,family_home,Small farmer,2.1,1,651060,home_repair,43575,34.5,0.067,18,lower_middle,260,10262.0,5,7,4,1,SadaPay,22,1,3,0,N,1,1,0,synthetic_PK_calibrated
21,male,Multan,peri_urban,3,0,family_home,Daily wage laborer,9.8,0,287544,inventory_purchase,35921,19.7,0.125,24,very_low,87,1217.0,1,11,3,1,SadaPay,25,1,3,0,Y,0,1,1,synthetic_PK_calibrated
34,male,Rahim Yar Khan,rural_adjacent,6,3,family_home,Home-based worker,1.9,0,238764,education,109405,20.1,0.458,6,very_low,116,1623.0,6,6,4,1,NayaPay,4,1,4,0,N,1,0,0,synthetic_PK_calibrated
41,male,Rahim Yar Khan,rural_adjacent,7,2,own,Small shopkeeper,11.8,0,374412,equipment_purchase,42890,26.1,0.115,6,lower_middle,229,9039.0,9,3,6,1,EasyPaisa,21,1,1,1,N,2,0,0,synthetic_PK_calibrated
45,male,Multan,peri_urban,4,0,family_home,Small farmer,5.4,1,271428,working_capital,12253,35.4,0.045,12,lower_middle,314,12394.0,4,8,5,0,None,0,1,2,0,N,1,0,1,synthetic_PK_calibrated
56,male,Karachi,urban,5,0,family_home,Rickshaw/bike driver,1.3,0,316824,inventory_purchase,64076,35.4,0.202,3,low,113,3048.0,8,4,5,0,None,0,1,4,1,N,0,0,0,synthetic_PK_calibrated
37,female,Rawalpindi,urban,8,2,own,Small farmer,0.5,1,421656,working_capital,140501,23.5,0.333,18,lower_middle,251,9907.0,7,5,5,1,JazzCash,17,1,1,0,N,2,0,0,synthetic_PK_calibrated
29,male,Rawalpindi,urban,6,0,rent,Fruit/veg cart,4.1,0,220116,medical_emergency,98878,18.8,0.449,18,very_low,58,811.0,9,3,7,0,None,0,1,4,0,Y,2,1,1,synthetic_PK_calibrated
33,female,Karachi,urban,5,0,family_home,Construction worker,2.1,1,261360,medical_emergency,146056,18.4,0.559,3,low,108,2913.0,6,6,6,1,SadaPay,28,1,3,1,N,2,0,0,synthetic_PK_calibrated
54,female,Multan,peri_urban,5,1,family_home,Self-employed electrician,6.0,0,431580,inventory_purchase,92594,22.7,0.215,24,middle,304,13856.0,6,6,6,0,None,0,0,1,0,Y,1,0,1,synthetic_PK_calibrated
55,male,Rahim Yar Khan,rural_adjacent,7,5,rent,Home-based worker,5.6,0,148176,working_capital,32584,29.9,0.22,12,very_low,68,951.0,8,4,6,0,None,0,1,3,0,N,1,0,1,synthetic_PK_calibrated
34,female,Rawalpindi,urban,8,3,family_home,Construction worker,6.9,1,386532,education,75726,34.3,0.196,6,low,216,5826.0,7,5,3,0,None,0,1,3,0,Y,1,1,1,synthetic_PK_calibrated
56,female,Peshawar,peri_urban,7,3,family_home,Street food vendor,3.3,1,275712,equipment_purchase,51009,27.3,0.185,9,low,202,5448.0,1,11,3,1,JazzCash,14,1,4,0,N,2,0,0,synthetic_PK_calibrated
53,male,Lahore,urban,4,0,family_home,Construction worker,11.0,1,408444,working_capital,97943,35.4,0.24,18,low,215,5799.0,3,9,4,1,SadaPay,15,0,4,0,Y,0,1,1,synthetic_PK_calibrated
51,male,Bahawalpur,rural_adjacent,5,3,own,Domestic worker,9.6,0,300012,home_repair,97693,35.1,0.326,12,very_low,105,1469.0,2,10,2,0,None,0,1,2,0,Y,3,0,0,synthetic_PK_calibrated
20,female,Karachi,urban,2,0,rent,Rickshaw/bike driver,1.5,0,447144,medical_emergency,29815,31.5,0.067,3,low,181,4882.0,11,1,4,1,EasyPaisa,26,1,5,1,Y,1,1,1,synthetic_PK_calibrated
21,male,Karachi,urban,8,1,rent,Rickshaw/bike driver,4.5,0,547740,inventory_purchase,130224,22.2,0.238,18,low,191,5151.0,6,6,4,0,None,0,0,3,0,N,3,1,0,synthetic_PK_calibrated
24,male,Karachi,urban,3,0,rent,Domestic worker,14.9,0,311724,livestock,134554,24.4,0.432,12,very_low,86,1203.0,7,5,4,1,EasyPaisa,32,1,4,0,Y,3,1,1,synthetic_PK_calibrated
54,male,Gujranwala,urban,7,3,family_home,Informal factory worker,2.7,0,435948,home_repair,32684,34.5,0.075,9,lower_middle,193,7618.0,5,7,9,1,SadaPay,33,1,1,0,Y,1,0,0,synthetic_PK_calibrated
36,female,Faisalabad,urban,7,5,rent,Motorcycle mechanic,3.9,0,561240,home_repair,34583,34.4,0.062,12,lower_middle,289,11407.0,9,3,8,1,SadaPay,9,1,1,1,N,2,0,0,synthetic_PK_calibrated
24,male,Rawalpindi,urban,6,0,rent,Informal factory worker,0.5,0,481296,education,45667,29.6,0.095,3,lower_middle,246,9710.0,8,4,6,1,EasyPaisa,9,1,3,0,N,1,1,0,synthetic_PK_calibrated
53,female,Peshawar,peri_urban,5,2,own,Rickshaw/bike driver,1.2,0,502128,education,73578,34.1,0.147,9,low,171,4612.0,5,7,5,1,SadaPay,14,0,2,0,N,1,1,0,synthetic_PK_calibrated
22,male,Gujranwala,urban,2,0,rent,Informal factory worker,3.6,0,438540,working_capital,9369,19.1,0.021,24,lower_middle,203,8012.0,7,5,3,0,None,0,1,2,0,N,3,0,0,synthetic_PK_calibrated
36,male,Rahim Yar Khan,rural_adjacent,8,1,own,Small shopkeeper,3.0,0,567360,equipment_purchase,120245,22.7,0.212,9,lower_middle,236,9315.0,10,2,7,1,NayaPay,4,1,3,0,N,3,0,0,synthetic_PK_calibrated
47,male,Multan,peri_urban,7,2,rent,Self-employed electrician,4.6,0,431808,livestock,99929,22.2,0.231,3,middle,292,13309.0,10,2,5,1,JazzCash,29,1,2,1,N,2,0,0,synthetic_PK_calibrated
45,male,Gujranwala,urban,5,0,own,Daily wage laborer,10.3,0,266772,equipment_purchase,96665,21.2,0.362,18,very_low,81,1133.0,7,5,4,0,None,0,1,3,0,Y,1,1,1,synthetic_PK_calibrated
54,male,Bahawalpur,rural_adjacent,4,1,family_home,Motorcycle mechanic,7.0,0,643752,education,61063,20.5,0.095,3,lower_middle,306,12078.0,6,6,6,1,SadaPay,23,1,2,1,N,0,0,0,synthetic_PK_calibrated
29,male,Rawalpindi,urban,5,2,family_home,Construction worker,4.1,1,391932,home_repair,141711,19.5,0.362,18,low,135,3641.0,1,11,3,1,JazzCash,2,1,3,0,Y,1,1,1,synthetic_PK_calibrated
24,female,Faisalabad,urban,8,6,rent,Rickshaw/bike driver,6.2,0,295572,equipment_purchase,85093,34.3,0.288,18,low,184,4962.0,6,6,7,0,None,0,0,3,1,Y,1,0,0,synthetic_PK_calibrated
41,male,Sialkot,peri_urban,4,1,rent,Fruit/veg cart,4.9,0,401196,home_repair,82701,35.4,0.206,12,very_low,69,965.0,5,7,3,0,None,0,1,4,0,N,0,0,1,synthetic_PK_calibrated
38,male,Faisalabad,urban,3,0,rent,Home-based worker,0.6,0,207336,medical_emergency,142930,21.8,0.689,3,very_low,90,1259.0,2,10,5,1,JazzCash,10,1,4,0,Y,0,0,1,synthetic_PK_calibrated
45,male,Bahawalpur,rural_adjacent,3,0,family_home,Small shopkeeper,1.9,0,466140,inventory_purchase,125212,24.5,0.269,12,lower_middle,312,12315.0,8,4,10,0,None,0,1,5,0,Y,2,1,1,synthetic_PK_calibrated
49,male,Gujranwala,urban,4,0,own,Small shopkeeper,4.3,0,535800,equipment_purchase,46751,23.0,0.087,24,lower_middle,232,9157.0,6,6,6,1,EasyPaisa,8,0,0,0,N,3,1,0,synthetic_PK_calibrated
28,female,Karachi,urban,4,1,own,Small shopkeeper,0.5,0,748212,inventory_purchase,96257,35.5,0.129,6,lower_middle,212,8368.0,10,2,8,1,EasyPaisa,17,1,3,1,N,1,0,0,synthetic_PK_calibrated
38,male,Karachi,urban,7,5,family_home,Daily wage laborer,10.0,0,312552,inventory_purchase,143736,25.8,0.46,24,very_low,79,1105.0,5,7,5,0,None,0,1,5,0,Y,0,0,1,synthetic_PK_calibrated
22,male,Bahawalpur,rural_adjacent,7,5,own,Small farmer,1.9,1,387228,education,128491,28.8,0.332,12,lower_middle,299,11802.0,3,9,6,1,EasyPaisa,11,0,3,0,N,1,1,0,synthetic_PK_calibrated
48,male,Karachi,urban,3,1,rent,Informal factory worker,6.2,0,444684,education,44142,27.8,0.099,6,lower_middle,200,7894.0,10,2,7,1,JazzCash,33,1,2,1,Y,3,1,0,synthetic_PK_calibrated
52,female,Sialkot,peri_urban,4,0,family_home,Informal factory worker,0.7,0,468384,medical_emergency,138363,23.3,0.295,12,lower_middle,274,10815.0,5,7,6,1,SadaPay,21,0,3,0,N,2,0,1,synthetic_PK_calibrated
29,male,Faisalabad,urban,4,2,family_home,Small shopkeeper,1.7,0,889404,livestock,133909,31.2,0.151,9,lower_middle,183,7223.0,7,5,9,1,JazzCash,15,1,2,1,Y,3,0,0,synthetic_PK_calibrated
46,male,Gujranwala,urban,7,1,own,Daily wage laborer,0.5,0,362400,working_capital,84180,20.6,0.232,24,very_low,100,1399.0,7,5,6,0,None,0,1,4,0,N,3,0,0,synthetic_PK_calibrated
52,male,Gujranwala,urban,3,1,family_home,Daily wage laborer,3.0,0,320664,working_capital,56986,26.8,0.178,12,very_low,105,1469.0,6,6,3,1,EasyPaisa,18,1,4,0,Y,3,1,0,synthetic_PK_calibrated
31,male,Sialkot,peri_urban,4,0,rent,Daily wage laborer,0.6,0,248556,home_repair,137154,32.2,0.552,12,very_low,52,727.0,5,7,2,1,JazzCash,23,1,5,0,N,0,0,0,synthetic_PK_calibrated
44,male,Sialkot,peri_urban,8,6,rent,Home-based worker,4.8,0,187752,equipment_purchase,48815,28.8,0.26,9,very_low,118,1651.0,5,7,4,0,None,0,1,5,1,Y,2,0,1,synthetic_PK_calibrated
40,male,Multan,peri_urban,5,0,own,Motorcycle mechanic,12.2,0,464052,working_capital,10285,32.9,0.022,12,lower_middle,200,7894.0,8,4,9,0,None,0,1,3,0,N,1,0,0,synthetic_PK_calibrated
38,male,Faisalabad,urban,5,3,rent,Daily wage laborer,4.2,0,255480,equipment_purchase,67814,19.6,0.265,24,very_low,95,1329.0,7,5,3,0,None,0,1,5,0,Y,1,1,1,synthetic_PK_calibrated
33,male,Rahim Yar Khan,rural_adjacent,6,2,family_home,Rickshaw/bike driver,1.7,0,566220,inventory_purchase,18200,30.2,0.032,18,low,145,3911.0,8,4,4,1,SadaPay,8,0,4,0,N,3,1,0,synthetic_PK_calibrated
28,female,Rawalpindi,urban,7,3,family_home,Informal factory worker,1.6,0,317880,education,43862,34.6,0.138,9,lower_middle,237,9354.0,7,5,4,1,EasyPaisa,2,0,1,1,N,2,0,0,synthetic_PK_calibrated
47,male,Multan,peri_urban,3,0,own,Self-employed electrician,8.3,0,716676,equipment_purchase,113304,33.1,0.158,24,middle,357,16272.0,9,3,6,0,None,0,0,1,0,N,1,1,0,synthetic_PK_calibrated
46,female,Bahawalpur,rural_adjacent,2,0,rent,Small shopkeeper,1.2,0,377892,education,112154,26.3,0.297,9,lower_middle,180,7105.0,8,4,4,1,EasyPaisa,23,0,2,0,N,0,0,0,synthetic_PK_calibrated
43,male,Rahim Yar Khan,rural_adjacent,3,0,family_home,Rickshaw/bike driver,2.5,0,325212,home_repair,95709,19.8,0.294,3,low,101,2724.0,7,5,4,0,None,0,1,2,1,N,3,0,0,synthetic_PK_calibrated
26,male,Gujranwala,urban,8,5,family_home,Domestic worker,12.3,0,327456,education,98709,32.6,0.301,18,very_low,111,1553.0,4,8,5,1,SadaPay,3,0,5,1,Y,3,1,1,synthetic_PK_calibrated
36,female,Lahore,urban,4,2,rent,Small shopkeeper,1.8,0,815796,working_capital,74407,35.1,0.091,6,lower_middle,270,10657.0,8,4,9,0,None,0,1,1,0,N,1,1,0,synthetic_PK_calibrated
23,male,Lahore,urban,5,2,own,Small shopkeeper,7.7,0,644916,home_repair,59800,21.5,0.093,24,lower_middle,268,10578.0,7,5,8,0,None,0,1,3,1,N,2,0,1,synthetic_PK_calibrated
40,male,Bahawalpur,rural_adjacent,3,1,family_home,Small farmer,5.1,1,511260,working_capital,123996,25.3,0.243,18,lower_middle,209,8249.0,2,10,3,1,JazzCash,18,1,2,0,Y,0,0,0,synthetic_PK_calibrated
24,male,Peshawar,peri_urban,7,4,family_home,Small shopkeeper,8.8,0,473604,inventory_purchase,133714,31.0,0.282,6,lower_middle,256,10104.0,8,4,7,1,JazzCash,4,1,1,1,N,1,0,0,synthetic_PK_calibrated
30,male,Sialkot,peri_urban,7,3,family_home,Small shopkeeper,4.5,0,874368,medical_emergency,31465,19.2,0.036,9,lower_middle,292,11525.0,8,4,7,1,NayaPay,11,1,1,0,Y,0,0,1,synthetic_PK_calibrated
30,male,Peshawar,peri_urban,5,1,own,Small farmer,4.8,1,293256,education,12704,18.5,0.043,9,lower_middle,197,7776.0,6,6,3,0,None,0,1,2,0,N,1,1,0,synthetic_PK_calibrated
26,female,Bahawalpur,rural_adjacent,3,1,rent,Domestic worker,2.6,0,334056,education,99593,35.6,0.298,6,very_low,118,1651.0,3,9,5,0,None,0,0,4,0,Y,2,0,0,synthetic_PK_calibrated
41,female,Rawalpindi,urban,2,0,rent,Daily wage laborer,0.5,0,308352,inventory_purchase,70488,35.8,0.229,6,very_low,67,937.0,6,6,4,1,EasyPaisa,19,1,3,0,Y,2,1,0,synthetic_PK_calibrated
35,male,Rawalpindi,urban,4,0,family_home,Small shopkeeper,4.7,0,409368,home_repair,33400,26.9,0.082,6,lower_middle,277,10933.0,7,5,8,0,None,0,1,4,0,N,3,0,0,synthetic_PK_calibrated
42,male,Multan,peri_urban,8,2,rent,Domestic worker,0.7,0,319728,inventory_purchase,22745,19.1,0.071,12,very_low,109,1525.0,3,9,5,0,None,0,1,3,0,Y,2,1,1,synthetic_PK_calibrated
54,female,Lahore,urban,4,0,rent,Construction worker,3.4,1,413184,inventory_purchase,147063,18.5,0.356,18,low,166,4477.0,4,8,5,1,NayaPay,3,0,4,0,Y,0,1,0,synthetic_PK_calibrated
34,female,Rawalpindi,urban,5,3,rent,Daily wage laborer,0.8,0,234792,equipment_purchase,135436,26.7,0.577,9,very_low,74,1035.0,7,5,6,1,EasyPaisa,3,1,4,1,Y,3,0,1,synthetic_PK_calibrated
38,male,Peshawar,peri_urban,3,1,family_home,Small shopkeeper,0.5,0,675060,livestock,74180,25.2,0.11,12,lower_middle,257,10144.0,8,4,6,0,None,0,0,0,0,N,0,1,0,synthetic_PK_calibrated
26,male,Bahawalpur,rural_adjacent,6,2,family_home,Rickshaw/bike driver,5.6,0,423528,equipment_purchase,94609,29.5,0.223,9,low,182,4909.0,8,4,5,1,NayaPay,32,1,3,0,N,2,0,0,synthetic_PK_calibrated
48,female,Multan,peri_urban,8,1,rent,Small shopkeeper,0.5,0,627948,medical_emergency,44008,33.0,0.07,9,lower_middle,311,12275.0,6,6,7,1,EasyPaisa,5,1,1,1,N,3,1,0,synthetic_PK_calibrated
46,female,Faisalabad,urban,2,0,rent,Rickshaw/bike driver,10.3,0,343860,education,65945,31.5,0.192,3,low,140,3776.0,7,5,5,0,None,0,1,2,0,N,2,0,0,synthetic_PK_calibrated
50,male,Lahore,urban,7,4,family_home,Small shopkeeper,7.9,0,733380,inventory_purchase,82017,26.0,0.112,12,lower_middle,232,9157.0,9,3,7,1,SadaPay,22,0,2,1,N,2,1,0,synthetic_PK_calibrated
28,male,Sialkot,peri_urban,4,1,rent,Small shopkeeper,2.0,0,431100,equipment_purchase,110922,27.7,0.257,12,lower_middle,202,7973.0,8,4,4,0,None,0,1,3,0,Y,1,1,1,synthetic_PK_calibrated
54,male,Peshawar,peri_urban,5,1,family_home,Street food vendor,4.0,1,443544,education,83860,32.7,0.189,3,low,147,3965.0,6,6,2,1,JazzCash,13,1,4,0,N,1,0,1,synthetic_PK_calibrated
28,male,Peshawar,peri_urban,2,0,family_home,Construction worker,2.8,1,518700,inventory_purchase,115996,23.6,0.224,6,low,155,4180.0,6,6,6,0,None,0,1,3,1,N,2,0,1,synthetic_PK_calibrated
41,female,Karachi,urban,5,2,rent,Informal factory worker,0.5,0,393696,medical_emergency,110155,30.1,0.28,24,lower_middle,293,11565.0,8,4,6,1,NayaPay,30,1,5,0,N,1,1,1,synthetic_PK_calibrated
34,male,Rahim Yar Khan,rural_adjacent,3,1,family_home,Home-based worker,11.5,0,256776,livestock,142461,24.9,0.555,9,very_low,60,839.0,8,4,4,1,NayaPay,32,0,3,0,Y,3,1,1,synthetic_PK_calibrated
55,female,Peshawar,peri_urban,8,1,rent,Informal factory worker,2.7,0,303408,livestock,128482,22.6,0.423,18,lower_middle,184,7262.0,6,6,6,0,None,0,0,1,0,N,1,0,1,synthetic_PK_calibrated
36,male,Lahore,urban,8,2,rent,Small farmer,2.2,1,636780,equipment_purchase,88385,30.6,0.139,9,lower_middle,229,9039.0,8,4,5,0,None,0,1,4,0,Y,0,1,0,synthetic_PK_calibrated
50,male,Multan,peri_urban,4,1,rent,Rickshaw/bike driver,2.5,0,561468,equipment_purchase,36786,35.3,0.066,9,low,104,2805.0,6,6,4,0,None,0,1,4,0,Y,3,0,0,synthetic_PK_calibrated
20,male,Multan,peri_urban,6,2,family_home,Street food vendor,9.0,1,344376,equipment_purchase,26658,23.8,0.077,18,low,118,3182.0,5,7,3,0,None,0,0,2,0,Y,1,0,1,synthetic_PK_calibrated
54,male,Gujranwala,urban,3,0,family_home,Daily wage laborer,0.5,0,264348,education,126685,22.1,0.479,18,very_low,87,1217.0,6,6,3,1,SadaPay,19,1,4,0,Y,1,1,1,synthetic_PK_calibrated
20,male,Bahawalpur,rural_adjacent,3,1,rent,Daily wage laborer,0.9,0,342876,inventory_purchase,101854,19.9,0.297,18,very_low,113,1581.0,4,8,2,0,None,0,0,5,0,Y,1,1,1,synthetic_PK_calibrated
50,male,Lahore,urban,3,0,rent,Construction worker,11.6,1,305760,working_capital,44023,34.0,0.144,18,low,102,2751.0,6,6,2,0,None,0,1,4,0,N,1,0,0,synthetic_PK_calibrated
31,male,Sialkot,peri_urban,4,0,rent,Small shopkeeper,6.5,0,557316,medical_emergency,35399,25.3,0.064,9,lower_middle,191,7539.0,10,2,9,0,None,0,1,1,1,Y,3,1,1,synthetic_PK_calibrated
41,female,Faisalabad,urban,2,0,own,Street food vendor,5.2,1,259608,medical_emergency,19633,25.8,0.076,12,low,164,4423.0,5,7,7,0,None,0,1,4,1,Y,0,1,1,synthetic_PK_calibrated
29,male,Lahore,urban,2,0,own,Small shopkeeper,5.2,0,343128,livestock,59486,31.7,0.173,9,lower_middle,210,8289.0,9,3,11,1,NayaPay,23,1,1,0,N,0,0,0,synthetic_PK_calibrated
24,male,Multan,peri_urban,3,1,family_home,Small farmer,7.5,1,276840,home_repair,33514,31.6,0.121,18,lower_middle,203,8012.0,7,5,5,1,NayaPay,8,1,3,0,Y,0,0,1,synthetic_PK_calibrated
23,male,Faisalabad,urban,5,0,family_home,Daily wage laborer,0.9,0,285852,working_capital,114554,23.4,0.401,9,very_low,114,1595.0,5,7,4,0,None,0,0,4,0,Y,2,0,1,synthetic_PK_calibrated
51,male,Rahim Yar Khan,rural_adjacent,7,3,rent,Small farmer,2.3,1,224208,medical_emergency,52387,23.7,0.234,3,lower_middle,207,8170.0,5,7,7,0,None,0,1,3,1,N,0,1,0,synthetic_PK_calibrated
47,female,Rawalpindi,urban,3,1,rent,Daily wage laborer,3.1,0,275304,home_repair,113269,19.3,0.411,12,very_low,77,1077.0,4,8,5,0,None,0,1,3,0,Y,1,0,0,synthetic_PK_calibrated
40,female,Karachi,urban,7,4,own,Street food vendor,1.7,1,450540,equipment_purchase,75069,24.4,0.167,6,low,117,3155.0,5,7,10,1,NayaPay,16,1,1,0,N,1,1,0,synthetic_PK_calibrated
48,female,Rawalpindi,urban,5,0,family_home,Small farmer,1.9,1,607800,working_capital,21829,20.0,0.036,3,lower_middle,292,11525.0,7,5,6,1,NayaPay,2,1,1,1,Y,2,1,1,synthetic_PK_calibrated
39,female,Karachi,urban,5,2,family_home,Street food vendor,7.2,1,289800,livestock,10315,27.9,0.036,3,low,210,5664.0,5,7,3,0,None,0,1,4,0,Y,1,0,1,synthetic_PK_calibrated
39,male,Multan,peri_urban,2,0,rent,Rickshaw/bike driver,1.6,0,296040,inventory_purchase,41622,34.0,0.141,24,low,157,4234.0,3,9,2,1,EasyPaisa,4,1,3,0,N,0,0,1,synthetic_PK_calibrated
33,male,Faisalabad,urban,8,4,own,Self-employed electrician,9.0,0,471660,livestock,117284,35.3,0.249,24,middle,406,18505.0,9,3,10,0,None,0,1,1,0,Y,1,1,0,synthetic_PK_calibrated
35,male,Multan,peri_urban,3,0,rent,Rickshaw/bike driver,12.0,0,346272,equipment_purchase,139116,32.4,0.402,9,low,126,3398.0,6,6,7,1,EasyPaisa,22,0,2,0,N,2,1,0,synthetic_PK_calibrated
43,male,Faisalabad,urban,3,0,rent,Street food vendor,3.4,1,337224,equipment_purchase,43135,33.9,0.128,3,low,196,5286.0,5,7,4,0,None,0,0,4,0,Y,3,0,1,synthetic_PK_calibrated
43,male,Sialkot,peri_urban,5,0,rent,Small farmer,1.7,1,537576,education,124006,21.0,0.231,9,lower_middle,302,11920.0,4,8,4,1,SadaPay,3,0,2,0,Y,3,1,1,synthetic_PK_calibrated
36,female,Faisalabad,urban,2,0,family_home,Street food vendor,1.6,1,409116,inventory_purchase,121775,21.9,0.298,6,low,156,4207.0,8,4,1,1,NayaPay,18,1,4,0,N,2,0,1,synthetic_PK_calibrated
45,male,Bahawalpur,rural_adjacent,3,1,rent,Construction worker,1.3,1,446004,livestock,115704,35.7,0.259,6,low,202,5448.0,3,9,2,1,NayaPay,31,1,3,0,N,0,0,0,synthetic_PK_calibrated
54,male,Faisalabad,urban,4,0,rent,Domestic worker,3.3,0,201948,medical_emergency,110977,33.6,0.55,9,very_low,104,1455.0,3,9,4,0,None,0,1,3,0,N,2,0,1,synthetic_PK_calibrated
39,male,Karachi,urban,6,2,family_home,Daily wage laborer,2.6,0,372144,working_capital,77613,35.7,0.209,3,very_low,78,1091.0,7,5,6,1,SadaPay,20,1,4,0,N,3,1,0,synthetic_PK_calibrated
20,male,Faisalabad,urban,3,1,family_home,Small farmer,2.8,1,385152,medical_emergency,79319,29.9,0.206,6,lower_middle,313,12354.0,3,9,5,1,NayaPay,9,1,2,0,N,1,1,1,synthetic_PK_calibrated
29,male,Sialkot,peri_urban,3,1,family_home,Rickshaw/bike driver,3.2,0,569508,medical_emergency,90220,33.7,0.158,3,low,161,4342.0,5,7,8,0,None,0,1,3,0,Y,3,0,0,synthetic_PK_calibrated
52,female,Rawalpindi,urban,3,1,family_home,Construction worker,0.5,1,434856,home_repair,76442,20.9,0.176,12,low,116,3129.0,3,9,3,1,SadaPay,30,0,5,0,Y,3,1,1,synthetic_PK_calibrated
40,female,Sialkot,peri_urban,5,1,own,Home-based worker,1.5,0,167604,inventory_purchase,68545,32.2,0.409,24,very_low,104,1455.0,7,5,3,1,NayaPay,23,1,0,0,Y,0,0,0,synthetic_PK_calibrated
27,male,Bahawalpur,rural_adjacent,8,0,family_home,Daily wage laborer,8.7,0,309888,inventory_purchase,127247,23.2,0.411,18,very_low,89,1245.0,5,7,1,0,None,0,0,2,0,N,1,1,0,synthetic_PK_calibrated
44,female,Lahore,urban,4,2,family_home,Construction worker,11.2,1,430836,inventory_purchase,103746,32.5,0.241,3,low,120,3236.0,6,6,8,1,JazzCash,26,1,2,0,N,1,0,1,synthetic_PK_calibrated
52,female,Lahore,urban,3,0,family_home,Small farmer,3.3,1,620064,inventory_purchase,28814,20.2,0.046,9,lower_middle,234,9236.0,5,7,4,1,SadaPay,5,1,3,1,N,1,0,0,synthetic_PK_calibrated
49,male,Multan,peri_urban,5,0,family_home,Home-based worker,3.7,0,180432,working_capital,42117,32.8,0.233,18,very_low,107,1497.0,3,9,2,1,NayaPay,13,1,4,1,Y,1,1,1,synthetic_PK_calibrated
44,male,Rawalpindi,urban,6,2,rent,Rickshaw/bike driver,4.6,0,349908,education,29395,20.3,0.084,3,low,199,5367.0,6,6,6,0,None,0,0,2,0,Y,3,1,1,synthetic_PK_calibrated
37,female,Peshawar,peri_urban,4,0,family_home,Daily wage laborer,0.5,0,343992,home_repair,38434,23.6,0.112,12,very_low,117,1637.0,4,8,1,0,None,0,1,4,0,Y,3,0,1,synthetic_PK_calibrated
21,female,Karachi,urban,2,0,family_home,Rickshaw/bike driver,7.4,0,505188,equipment_purchase,99279,19.9,0.197,9,low,169,4558.0,9,3,6,0,None,0,1,3,0,N,0,0,1,synthetic_PK_calibrated
32,male,Karachi,urban,8,1,family_home,Daily wage laborer,0.5,0,225288,working_capital,43233,27.5,0.192,3,very_low,74,1035.0,5,7,6,0,None,0,1,4,0,N,1,0,0,synthetic_PK_calibrated
28,male,Karachi,urban,4,0,rent,Motorcycle mechanic,0.5,0,421440,inventory_purchase,33805,19.1,0.08,12,lower_middle,217,8565.0,8,4,6,0,None,0,0,2,0,N,2,0,1,synthetic_PK_calibrated
46,male,Multan,peri_urban,4,1,own,Fruit/veg cart,1.1,0,241752,home_repair,74535,31.2,0.308,3,very_low,115,1609.0,4,8,5,1,NayaPay,15,0,2,1,N,1,0,0,synthetic_PK_calibrated
30,male,Gujranwala,urban,7,5,family_home,Construction worker,0.5,1,301092,livestock,133514,35.6,0.443,24,low,168,4531.0,4,8,2,1,JazzCash,19,1,4,0,N,3,0,0,synthetic_PK_calibrated
28,male,Sialkot,peri_urban,8,0,rent,Motorcycle mechanic,3.5,0,498780,working_capital,126289,22.5,0.253,18,lower_middle,203,8012.0,10,2,5,0,None,0,1,3,0,N,2,0,0,synthetic_PK_calibrated
36,female,Rahim Yar Khan,rural_adjacent,3,1,rent,Rickshaw/bike driver,1.7,0,561576,working_capital,101384,25.9,0.181,6,low,113,3048.0,7,5,4,0,None,0,0,1,0,Y,2,0,0,synthetic_PK_calibrated
27,female,Sialkot,peri_urban,5,1,rent,Daily wage laborer,7.3,0,362076,medical_emergency,50111,32.3,0.138,24,very_low,70,979.0,5,7,7,1,NayaPay,20,1,4,0,Y,3,1,0,synthetic_PK_calibrated
53,female,Lahore,urban,5,1,family_home,Domestic worker,3.5,0,347760,livestock,75815,30.4,0.218,18,very_low,70,979.0,5,7,4,1,JazzCash,9,1,5,0,Y,0,1,1,synthetic_PK_calibrated
29,male,Peshawar,peri_urban,7,3,family_home,Construction worker,11.7,1,298752,working_capital,5037,19.4,0.017,24,low,135,3641.0,5,7,5,0,None,0,1,3,0,N,0,1,1,synthetic_PK_calibrated
56,male,Rawalpindi,urban,8,0,family_home,Motorcycle mechanic,10.3,0,432312,livestock,95627,26.1,0.221,18,lower_middle,312,12315.0,7,5,8,0,None,0,1,2,0,Y,3,0,1,synthetic_PK_calibrated
36,male,Sialkot,peri_urban,4,0,own,Construction worker,3.5,1,395232,equipment_purchase,128001,30.3,0.324,3,low,129,3479.0,5,7,4,0,None,0,1,4,1,N,1,1,1,synthetic_PK_calibrated
36,female,Sialkot,peri_urban,4,0,rent,Small shopkeeper,1.0,0,592644,livestock,78537,35.9,0.133,6,lower_middle,272,10736.0,11,1,7,0,None,0,1,0,0,Y,0,0,0,synthetic_PK_calibrated
20,male,Gujranwala,urban,2,0,rent,Daily wage laborer,4.4,0,325800,working_capital,64757,35.2,0.199,12,very_low,70,979.0,5,7,5,0,None,0,1,1,0,Y,2,1,1,synthetic_PK_calibrated
27,male,Karachi,urban,6,3,rent,Street food vendor,0.5,1,455340,livestock,24158,29.6,0.053,6,low,105,2832.0,5,7,5,0,None,0,1,3,0,Y,3,0,0,synthetic_PK_calibrated
54,female,Peshawar,peri_urban,6,1,rent,Street food vendor,2.1,1,488172,livestock,47135,23.6,0.097,24,low,219,5906.0,7,5,4,0,None,0,1,4,0,Y,2,0,0,synthetic_PK_calibrated
27,female,Multan,peri_urban,7,4,rent,Rickshaw/bike driver,7.8,0,287292,equipment_purchase,20873,18.1,0.073,12,low,104,2805.0,5,7,3,1,NayaPay,19,1,3,0,Y,2,0,0,synthetic_PK_calibrated
26,female,Lahore,urban,8,1,family_home,Motorcycle mechanic,0.8,0,496608,home_repair,129158,26.4,0.26,3,lower_middle,210,8289.0,4,8,7,0,None,0,0,3,1,N,0,0,0,synthetic_PK_calibrated
50,male,Gujranwala,urban,2,0,rent,Street food vendor,5.9,1,386364,working_capital,29315,20.7,0.076,3,low,189,5097.0,7,5,3,0,None,0,1,4,0,Y,0,1,1,synthetic_PK_calibrated
50,female,Bahawalpur,rural_adjacent,2,0,own,Street food vendor,5.0,1,373476,medical_emergency,13752,18.3,0.037,3,low,210,5664.0,4,8,4,1,EasyPaisa,3,1,2,0,Y,3,1,0,synthetic_PK_calibrated
36,male,Sialkot,peri_urban,6,0,own,Daily wage laborer,1.0,0,249948,medical_emergency,93075,28.2,0.372,12,very_low,114,1595.0,4,8,4,1,NayaPay,6,1,4,0,N,3,1,0,synthetic_PK_calibrated
48,male,Bahawalpur,rural_adjacent,4,1,family_home,Construction worker,4.4,1,472992,working_capital,127388,34.0,0.269,6,low,136,3668.0,5,7,3,0,None,0,1,4,0,Y,3,0,1,synthetic_PK_calibrated
23,female,Rahim Yar Khan,rural_adjacent,2,0,rent,Rickshaw/bike driver,3.8,0,487680,inventory_purchase,91437,18.3,0.187,18,low,100,2697.0,7,5,2,1,SadaPay,3,0,4,1,N,1,0,0,synthetic_PK_calibrated
50,female,Multan,peri_urban,3,1,rent,Fruit/veg cart,2.3,0,199836,working_capital,117168,30.3,0.586,12,very_low,56,783.0,5,7,4,0,None,0,1,4,0,N,1,0,0,synthetic_PK_calibrated
55,male,Karachi,urban,8,1,rent,Small shopkeeper,1.0,0,751512,medical_emergency,70875,29.3,0.094,24,lower_middle,309,12196.0,7,5,9,1,EasyPaisa,21,0,2,0,N,0,1,0,synthetic_PK_calibrated
49,male,Gujranwala,urban,7,2,rent,Small shopkeeper,1.2,0,642384,livestock,28412,19.3,0.044,18,lower_middle,294,11604.0,5,7,9,1,NayaPay,12,1,2,0,N,1,0,0,synthetic_PK_calibrated
50,female,Karachi,urban,8,0,rent,Daily wage laborer,3.8,0,251568,medical_emergency,138991,31.0,0.552,12,very_low,90,1259.0,4,8,4,1,SadaPay,22,1,2,0,Y,2,1,1,synthetic_PK_calibrated
44,male,Multan,peri_urban,5,0,own,Construction worker,7.9,1,334824,equipment_purchase,63906,28.5,0.191,6,low,160,4315.0,9,3,3,0,None,0,1,4,0,Y,2,0,0,synthetic_PK_calibrated
34,male,Lahore,urban,4,2,rent,Street food vendor,3.2,1,420384,home_repair,104423,29.4,0.248,24,low,174,4693.0,2,10,4,1,JazzCash,10,1,1,0,Y,3,1,1,synthetic_PK_calibrated
26,female,Karachi,urban,4,1,rent,Informal factory worker,2.5,0,367764,home_repair,102421,32.0,0.278,9,lower_middle,183,7223.0,5,7,6,0,None,0,0,4,1,Y,0,0,0,synthetic_PK_calibrated
43,male,Multan,peri_urban,2,0,family_home,Small farmer,4.1,1,253476,home_repair,145517,23.2,0.574,6,lower_middle,215,8486.0,5,7,3,1,JazzCash,6,1,3,0,N,3,1,0,synthetic_PK_calibrated
40,female,Gujranwala,urban,5,3,rent,Small farmer,15.1,1,578316,medical_emergency,68094,23.1,0.118,3,lower_middle,193,7618.0,7,5,5,1,EasyPaisa,27,1,4,1,Y,3,0,1,synthetic_PK_calibrated
27,male,Rawalpindi,urban,7,4,family_home,Small shopkeeper,10.7,0,494544,education,116115,31.0,0.235,24,lower_middle,208,8210.0,9,3,10,1,SadaPay,5,1,1,1,N,1,1,0,synthetic_PK_calibrated
41,male,Faisalabad,urban,8,3,family_home,Home-based worker,5.6,0,260988,inventory_purchase,14586,31.2,0.056,9,very_low,58,811.0,6,6,5,1,SadaPay,9,0,3,0,N,3,1,0,synthetic_PK_calibrated
33,male,Peshawar,peri_urban,7,0,family_home,Small shopkeeper,0.5,0,340968,education,60535,18.6,0.178,9,lower_middle,208,8210.0,7,5,6,1,JazzCash,6,0,3,0,N,0,1,0,synthetic_PK_calibrated
53,female,Gujranwala,urban,3,0,own,Domestic worker,2.5,0,184140,livestock,57077,22.5,0.31,24,very_low,84,1175.0,3,9,0,1,EasyPaisa,34,1,4,0,N,3,0,0,synthetic_PK_calibrated
36,male,Faisalabad,urban,3,1,rent,Construction worker,8.3,1,395292,livestock,88794,29.3,0.225,3,low,135,3641.0,6,6,3,0,None,0,0,4,0,Y,0,1,1,synthetic_PK_calibrated
24,male,Karachi,urban,3,1,family_home,Small shopkeeper,2.6,0,827400,education,149177,24.5,0.18,24,lower_middle,199,7855.0,12,0,11,1,JazzCash,15,1,1,0,Y,2,1,0,synthetic_PK_calibrated
22,male,Gujranwala,urban,6,4,family_home,Street food vendor,0.5,1,400896,working_capital,5615,29.0,0.014,12,low,153,4126.0,7,5,3,1,EasyPaisa,28,1,3,0,N,3,0,0,synthetic_PK_calibrated
51,male,Peshawar,peri_urban,5,0,family_home,Home-based worker,1.4,0,225600,livestock,65012,19.4,0.288,18,very_low,107,1497.0,3,9,5,0,None,0,1,4,0,N,1,0,1,synthetic_PK_calibrated
34,female,Rahim Yar Khan,rural_adjacent,2,0,family_home,Rickshaw/bike driver,0.6,0,567396,livestock,72690,24.0,0.128,24,low,106,2859.0,8,4,2,1,JazzCash,8,0,4,1,Y,1,1,0,synthetic_PK_calibrated
46,male,Rawalpindi,urban,6,2,own,Home-based worker,2.0,0,176100,working_capital,15715,35.3,0.089,18,very_low,80,1119.0,6,6,5,0,None,0,1,2,0,N,1,0,0,synthetic_PK_calibrated
21,male,Bahawalpur,rural_adjacent,8,1,family_home,Domestic worker,1.7,0,181800,home_repair,109691,26.9,0.603,12,very_low,68,951.0,2,10,4,1,SadaPay,29,1,2,1,Y,1,0,1,synthetic_PK_calibrated
24,female,Gujranwala,urban,7,3,own,Motorcycle mechanic,6.7,0,474828,equipment_purchase,126822,29.0,0.267,24,lower_middle,255,10065.0,9,3,7,0,None,0,1,2,0,N,1,0,0,synthetic_PK_calibrated
43,male,Rawalpindi,urban,2,0,rent,Domestic worker,1.6,0,313464,education,61196,19.0,0.195,6,very_low,113,1581.0,6,6,4,1,SadaPay,23,1,2,0,Y,2,0,1,synthetic_PK_calibrated
53,male,Multan,peri_urban,6,3,rent,Street food vendor,0.8,1,406800,working_capital,53425,28.3,0.131,24,low,195,5259.0,5,7,3,1,EasyPaisa,16,0,4,0,N,3,1,1,synthetic_PK_calibrated
20,male,Rawalpindi,urban,6,4,family_home,Rickshaw/bike driver,0.6,0,539100,equipment_purchase,57243,19.2,0.106,9,low,217,5852.0,9,3,2,1,EasyPaisa,32,1,3,0,Y,1,1,0,synthetic_PK_calibrated
33,male,Peshawar,peri_urban,4,1,family_home,Home-based worker,10.9,0,259812,home_repair,89217,22.3,0.343,24,very_low,107,1497.0,2,10,7,1,SadaPay,21,1,2,1,N,1,1,0,synthetic_PK_calibrated
38,female,Multan,peri_urban,6,1,family_home,Small shopkeeper,1.1,0,373608,education,29406,22.6,0.079,6,lower_middle,282,11131.0,7,5,7,1,SadaPay,19,1,2,0,N,2,1,0,synthetic_PK_calibrated
52,male,Karachi,urban,7,4,family_home,Small shopkeeper,14.9,0,654564,home_repair,116641,34.6,0.178,9,lower_middle,308,12157.0,10,2,7,0,None,0,1,2,1,N,3,1,0,synthetic_PK_calibrated
45,male,Peshawar,peri_urban,2,0,rent,Domestic worker,4.9,0,263652,medical_emergency,67968,33.9,0.258,6,very_low,67,937.0,6,6,1,1,SadaPay,30,1,5,0,Y,0,0,0,synthetic_PK_calibrated
38,female,Rahim Yar Khan,rural_adjacent,6,2,rent,Self-employed electrician,4.8,0,571932,education,61922,19.9,0.108,18,middle,329,14996.0,5,7,6,1,SadaPay,15,1,5,1,N,1,1,0,synthetic_PK_calibrated
34,male,Faisalabad,urban,8,5,family_home,Small shopkeeper,4.0,0,776016,equipment_purchase,56337,27.4,0.073,3,lower_middle,224,8841.0,10,2,9,1,NayaPay,25,1,2,0,N,0,1,1,synthetic_PK_calibrated
37,female,Lahore,urban,8,4,family_home,Domestic worker,4.9,0,231252,education,44916,32.6,0.194,9,very_low,83,1161.0,5,7,4,0,None,0,0,4,0,N,3,1,1,synthetic_PK_calibrated
42,male,Rahim Yar Khan,rural_adjacent,5,3,rent,Construction worker,1.2,1,345492,livestock,41163,30.7,0.119,24,low,194,5232.0,2,10,1,1,EasyPaisa,7,0,4,0,Y,3,1,1,synthetic_PK_calibrated
49,male,Karachi,urban,2,0,rent,Domestic worker,2.0,0,286416,working_capital,30293,19.7,0.106,24,very_low,105,1469.0,5,7,4,0,None,0,0,5,1,Y,2,1,1,synthetic_PK_calibrated
25,male,Bahawalpur,rural_adjacent,3,0,rent,Small shopkeeper,22.1,0,812340,equipment_purchase,53110,34.5,0.065,12,lower_middle,216,8526.0,9,3,7,1,NayaPay,2,1,3,1,Y,2,1,0,synthetic_PK_calibrated
25,male,Rahim Yar Khan,rural_adjacent,4,1,family_home,Informal factory worker,1.5,0,472248,inventory_purchase,32410,23.0,0.069,9,lower_middle,195,7697.0,7,5,9,0,None,0,0,4,0,N,2,1,0,synthetic_PK_calibrated
43,male,Karachi,urban,5,2,family_home,Rickshaw/bike driver,1.9,0,305808,equipment_purchase,85821,29.4,0.281,3,low,160,4315.0,8,4,3,0,None,0,0,3,0,N,2,0,0,synthetic_PK_calibrated
50,male,Gujranwala,urban,4,1,family_home,Motorcycle mechanic,2.1,0,573492,livestock,45285,21.0,0.079,3,lower_middle,210,8289.0,9,3,6,1,EasyPaisa,13,0,3,0,N,0,0,0,synthetic_PK_calibrated
32,male,Peshawar,peri_urban,7,4,family_home,Motorcycle mechanic,1.1,0,456132,equipment_purchase,86666,27.9,0.19,6,lower_middle,227,8960.0,10,2,6,0,None,0,1,2,1,Y,1,1,0,synthetic_PK_calibrated
41,female,Peshawar,peri_urban,7,3,own,Informal factory worker,3.8,0,449076,inventory_purchase,139461,19.8,0.311,9,lower_middle,241,9512.0,7,5,5,1,SadaPay,22,1,4,0,Y,3,0,1,synthetic_PK_calibrated
55,male,Rahim Yar Khan,rural_adjacent,2,0,family_home,Domestic worker,2.7,0,209916,working_capital,133121,34.9,0.634,18,very_low,94,1315.0,4,8,3,0,None,0,1,4,0,Y,3,1,0,synthetic_PK_calibrated
22,male,Sialkot,peri_urban,5,1,family_home,Fruit/veg cart,0.9,0,257964,livestock,99328,30.2,0.385,18,very_low,115,1609.0,4,8,6,0,None,0,1,3,0,N,2,1,1,synthetic_PK_calibrated
32,male,Faisalabad,urban,6,4,own,Small shopkeeper,7.5,0,573876,working_capital,36941,29.4,0.064,18,lower_middle,181,7144.0,12,0,7,1,NayaPay,18,1,0,1,N,3,0,0,synthetic_PK_calibrated
46,male,Rahim Yar Khan,rural_adjacent,8,6,rent,Motorcycle mechanic,0.5,0,305388,livestock,96150,29.0,0.315,12,lower_middle,319,12591.0,10,2,4,1,EasyPaisa,11,1,2,0,Y,1,0,1,synthetic_PK_calibrated
45,male,Multan,peri_urban,6,4,rent,Small farmer,4.8,1,431184,inventory_purchase,74690,33.7,0.173,18,lower_middle,302,11920.0,7,5,4,1,JazzCash,13,0,4,0,N,0,1,0,synthetic_PK_calibrated
40,male,Multan,peri_urban,3,1,family_home,Street food vendor,1.6,1,458640,inventory_purchase,140815,34.0,0.307,18,low,172,4639.0,4,8,5,1,JazzCash,7,1,3,0,N,2,1,1,synthetic_PK_calibrated
25,male,Karachi,urban,2,0,rent,Home-based worker,3.0,0,324084,medical_emergency,33688,21.8,0.104,12,very_low,84,1175.0,4,8,3,0,None,0,1,4,0,N,1,0,0,synthetic_PK_calibrated
44,female,Lahore,urban,4,1,family_home,Small shopkeeper,2.2,0,447564,home_repair,12645,27.6,0.028,24,lower_middle,227,8960.0,5,7,6,0,None,0,1,1,0,Y,3,0,0,synthetic_PK_calibrated
44,male,Faisalabad,urban,6,2,rent,Motorcycle mechanic,0.5,0,614940,equipment_purchase,91298,30.4,0.148,12,lower_middle,284,11209.0,9,3,9,1,JazzCash,3,1,2,0,Y,1,1,0,synthetic_PK_calibrated
38,female,Sialkot,peri_urban,8,2,family_home,Daily wage laborer,1.3,0,277764,equipment_purchase,40391,27.9,0.145,12,very_low,97,1357.0,6,6,4,0,None,0,0,2,0,N,3,0,1,synthetic_PK_calibrated
41,male,Multan,peri_urban,3,1,rent,Motorcycle mechanic,2.5,0,404364,inventory_purchase,132872,33.5,0.329,9,lower_middle,180,7105.0,7,5,8,0,None,0,1,2,0,Y,1,0,1,synthetic_PK_calibrated
47,male,Rawalpindi,urban,6,4,own,Daily wage laborer,0.5,0,285996,home_repair,134849,30.9,0.472,9,very_low,66,923.0,4,8,4,0,None,0,0,3,0,Y,3,0,0,synthetic_PK_calibrated
48,male,Sialkot,peri_urban,7,1,rent,Informal factory worker,5.9,0,441228,medical_emergency,48998,33.8,0.111,3,lower_middle,199,7855.0,4,8,4,1,NayaPay,4,1,3,0,N,0,0,1,synthetic_PK_calibrated
36,male,Bahawalpur,rural_adjacent,8,4,family_home,Rickshaw/bike driver,0.6,0,355008,working_capital,144516,31.4,0.407,12,low,165,4450.0,5,7,7,1,NayaPay,22,0,3,0,N,3,0,0,synthetic_PK_calibrated
45,male,Sialkot,peri_urban,7,0,rent,Small shopkeeper,8.2,0,418740,education,10849,22.0,0.026,9,lower_middle,200,7894.0,6,6,5,1,JazzCash,17,1,1,0,N,1,0,0,synthetic_PK_calibrated
53,male,Rawalpindi,urban,6,1,rent,Construction worker,2.4,1,442260,medical_emergency,14734,22.5,0.033,18,low,147,3965.0,5,7,7,1,JazzCash,24,1,3,0,Y,2,1,1,synthetic_PK_calibrated
33,female,Multan,peri_urban,2,0,family_home,Construction worker,0.5,1,505824,home_repair,47113,34.9,0.093,6,low,185,4989.0,5,7,3,0,None,0,1,4,0,N,1,0,1,synthetic_PK_calibrated
20,male,Bahawalpur,rural_adjacent,7,1,rent,Construction worker,21.0,1,428124,livestock,102504,25.7,0.239,24,low,130,3506.0,7,5,2,1,NayaPay,16,0,3,0,Y,1,0,0,synthetic_PK_calibrated
49,male,Faisalabad,urban,4,2,family_home,Small shopkeeper,1.0,0,475008,equipment_purchase,68925,21.0,0.145,18,lower_middle,270,10657.0,11,1,8,0,None,0,1,2,1,N,3,1,0,synthetic_PK_calibrated
54,male,Rawalpindi,urban,4,2,rent,Street food vendor,2.2,1,464784,medical_emergency,100967,29.5,0.217,24,low,123,3317.0,7,5,3,1,JazzCash,14,1,3,0,N,3,1,1,synthetic_PK_calibrated
50,female,Lahore,urban,3,0,family_home,Rickshaw/bike driver,0.5,0,366912,education,135078,19.6,0.368,24,low,132,3560.0,6,6,2,0,None,0,0,2,0,N,3,1,1,synthetic_PK_calibrated
27,male,Lahore,urban,4,2,rent,Rickshaw/bike driver,0.9,0,392088,inventory_purchase,141064,31.6,0.36,3,low,123,3317.0,7,5,4,1,JazzCash,24,0,2,0,Y,3,0,1,synthetic_PK_calibrated
33,female,Peshawar,peri_urban,8,3,family_home,Rickshaw/bike driver,13.5,0,428148,livestock,28439,25.6,0.066,3,low,130,3506.0,5,7,4,1,EasyPaisa,9,0,4,0,N,3,0,0,synthetic_PK_calibrated
48,female,Faisalabad,urban,3,1,rent,Small shopkeeper,3.7,0,638832,working_capital,130608,35.9,0.204,3,lower_middle,297,11723.0,7,5,11,0,None,0,1,2,0,Y,1,1,1,synthetic_PK_calibrated
51,male,Lahore,urban,3,1,rent,Fruit/veg cart,0.6,0,193128,working_capital,100352,19.7,0.52,9,very_low,97,1357.0,7,5,7,0,None,0,1,2,1,Y,2,0,1,synthetic_PK_calibrated
29,female,Sialkot,peri_urban,6,4,rent,Street food vendor,1.6,1,353544,education,49069,27.5,0.139,18,low,158,4261.0,5,7,3,0,None,0,1,4,0,N,3,0,0,synthetic_PK_calibrated
27,male,Gujranwala,urban,2,0,rent,Small shopkeeper,0.6,0,516348,home_repair,82219,28.0,0.159,3,lower_middle,257,10144.0,9,3,9,0,None,0,0,2,1,Y,3,1,1,synthetic_PK_calibrated
48,female,Sialkot,peri_urban,3,0,rent,Home-based worker,1.9,0,212652,equipment_purchase,36280,26.5,0.171,18,very_low,89,1245.0,2,10,4,0,None,0,1,3,0,Y,3,1,1,synthetic_PK_calibrated
29,male,Karachi,urban,6,3,family_home,Street food vendor,0.5,1,257520,working_capital,76908,23.0,0.299,9,low,169,4558.0,2,10,5,1,EasyPaisa,26,1,4,0,Y,2,0,1,synthetic_PK_calibrated
46,female,Rawalpindi,urban,2,0,family_home,Rickshaw/bike driver,13.2,0,511272,medical_emergency,134688,35.5,0.263,12,low,118,3182.0,7,5,6,1,NayaPay,12,1,3,1,Y,0,0,0,synthetic_PK_calibrated
53,female,Peshawar,peri_urban,3,1,own,Rickshaw/bike driver,6.2,0,425484,livestock,133863,27.9,0.315,3,low,196,5286.0,9,3,6,1,NayaPay,25,1,5,0,N,1,1,0,synthetic_PK_calibrated
22,male,Faisalabad,urban,2,0,rent,Rickshaw/bike driver,3.2,0,459120,working_capital,52565,18.4,0.114,18,low,111,2994.0,4,8,5,1,EasyPaisa,24,1,2,0,Y,3,1,0,synthetic_PK_calibrated
42,female,Bahawalpur,rural_adjacent,3,1,family_home,Rickshaw/bike driver,12.2,0,369288,working_capital,100856,26.3,0.273,12,low,201,5421.0,5,7,4,1,SadaPay,27,1,3,0,N,3,0,0,synthetic_PK_calibrated
53,male,Rahim Yar Khan,rural_adjacent,2,0,family_home,Small farmer,0.7,1,412428,education,34550,29.8,0.084,18,lower_middle,252,9946.0,4,8,4,1,SadaPay,24,1,3,1,N,3,0,0,synthetic_PK_calibrated
26,female,Karachi,urban,4,2,family_home,Small shopkeeper,8.9,0,739020,medical_emergency,149177,32.5,0.202,12,lower_middle,267,10538.0,10,2,8,1,SadaPay,3,1,1,0,N,2,1,0,synthetic_PK_calibrated
48,male,Rahim Yar Khan,rural_adjacent,5,3,rent,Fruit/veg cart,3.1,0,401148,inventory_purchase,123279,30.4,0.307,12,very_low,99,1385.0,4,8,2,1,NayaPay,13,1,3,0,N,3,1,0,synthetic_PK_calibrated
22,male,Karachi,urban,5,2,own,Daily wage laborer,0.5,0,260760,education,96434,20.3,0.37,9,very_low,85,1189.0,3,9,7,1,JazzCash,11,1,3,1,Y,3,0,1,synthetic_PK_calibrated
41,male,Faisalabad,urban,3,1,rent,Informal factory worker,2.3,0,511644,working_capital,65805,27.7,0.129,9,lower_middle,259,10223.0,9,3,5,1,NayaPay,7,0,3,0,Y,1,1,1,synthetic_PK_calibrated
43,male,Bahawalpur,rural_adjacent,8,0,family_home,Informal factory worker,5.7,0,339720,home_repair,12312,34.2,0.036,6,lower_middle,277,10933.0,5,7,2,1,SadaPay,22,1,1,1,N,0,1,0,synthetic_PK_calibrated
28,female,Peshawar,peri_urban,7,4,rent,Self-employed electrician,1.5,0,724212,home_repair,41317,31.5,0.057,12,middle,334,15224.0,10,2,7,0,None,0,1,1,0,Y,2,0,1,synthetic_PK_calibrated
54,male,Rawalpindi,urban,7,4,own,Home-based worker,5.8,0,277284,equipment_purchase,77843,22.6,0.281,9,very_low,64,895.0,4,8,5,0,None,0,1,3,0,N,1,0,1,synthetic_PK_calibrated
22,male,Peshawar,peri_urban,2,0,rent,Motorcycle mechanic,7.8,0,300288,education,73008,30.7,0.243,9,lower_middle,302,11920.0,7,5,6,1,JazzCash,20,1,3,1,Y,3,0,0,synthetic_PK_calibrated
26,male,Sialkot,peri_urban,5,0,family_home,Daily wage laborer,7.6,0,286020,medical_emergency,112211,32.7,0.392,12,very_low,117,1637.0,2,10,4,1,JazzCash,26,1,3,0,Y,2,0,0,synthetic_PK_calibrated
42,male,Faisalabad,urban,4,0,rent,Home-based worker,0.5,0,193224,inventory_purchase,63765,21.4,0.33,9,very_low,71,993.0,7,5,6,0,None,0,1,3,0,Y,0,1,0,synthetic_PK_calibrated
32,female,Lahore,urban,7,1,rent,Construction worker,5.8,1,263784,livestock,87488,19.5,0.332,6,low,195,5259.0,6,6,5,1,JazzCash,28,1,3,0,Y,0,0,0,synthetic_PK_calibrated
37,male,Bahawalpur,rural_adjacent,7,3,family_home,Small farmer,0.5,1,357876,education,117626,33.5,0.329,3,lower_middle,295,11644.0,8,4,2,1,EasyPaisa,30,1,4,0,N,2,0,0,synthetic_PK_calibrated
34,female,Lahore,urban,2,0,rent,Small shopkeeper,3.5,0,616476,livestock,74939,31.0,0.122,12,lower_middle,187,7381.0,9,3,8,1,SadaPay,20,1,3,0,Y,3,1,1,synthetic_PK_calibrated
54,female,Lahore,urban,4,1,rent,Daily wage laborer,2.3,0,335940,education,124006,35.3,0.369,24,very_low,98,1371.0,6,6,6,1,JazzCash,33,0,3,0,Y,2,1,1,synthetic_PK_calibrated
56,male,Faisalabad,urban,8,4,rent,Construction worker,4.3,1,314304,medical_emergency,113546,23.5,0.361,9,low,187,5043.0,5,7,6,0,None,0,1,2,1,Y,2,1,1,synthetic_PK_calibrated
23,male,Faisalabad,urban,3,1,rent,Domestic worker,9.2,0,193344,medical_emergency,70471,31.1,0.364,3,very_low,92,1287.0,2,10,4,0,None,0,1,3,0,N,3,0,0,synthetic_PK_calibrated
26,female,Rahim Yar Khan,rural_adjacent,3,1,own,Fruit/veg cart,1.4,0,271932,equipment_purchase,85565,26.2,0.315,9,very_low,110,1539.0,2,10,4,1,SadaPay,14,1,2,0,Y,2,1,1,synthetic_PK_calibrated
32,male,Rawalpindi,urban,7,4,family_home,Small farmer,2.5,1,591612,medical_emergency,82614,24.7,0.14,18,lower_middle,282,11131.0,8,4,3,1,JazzCash,7,1,4,1,Y,1,1,1,synthetic_PK_calibrated
46,female,Karachi,urban,6,2,rent,Small farmer,3.9,1,468648,livestock,110633,19.4,0.236,6,lower_middle,262,10341.0,2,10,3,0,None,0,1,4,0,Y,1,0,1,synthetic_PK_calibrated
56,male,Rawalpindi,urban,7,4,rent,Small shopkeeper,7.2,0,898848,livestock,124193,35.1,0.138,12,lower_middle,225,8881.0,9,3,9,1,NayaPay,10,1,1,1,N,2,1,0,synthetic_PK_calibrated
27,female,Gujranwala,urban,2,0,family_home,Motorcycle mechanic,1.6,0,344664,medical_emergency,119506,26.5,0.347,18,lower_middle,220,8683.0,10,2,7,0,None,0,1,0,0,N,3,1,0,synthetic_PK_calibrated
32,male,Rawalpindi,urban,5,0,family_home,Street food vendor,2.4,1,372216,working_capital,107476,29.6,0.289,24,low,147,3965.0,6,6,5,0,None,0,1,2,0,N,3,0,0,synthetic_PK_calibrated
25,male,Faisalabad,urban,2,0,family_home,Home-based worker,1.5,0,200088,livestock,138271,31.0,0.691,6,very_low,58,811.0,7,5,3,1,EasyPaisa,24,1,3,0,N,2,1,0,synthetic_PK_calibrated
25,male,Bahawalpur,rural_adjacent,5,0,family_home,Rickshaw/bike driver,11.3,0,429300,equipment_purchase,72857,26.7,0.17,24,low,191,5151.0,5,7,3,1,JazzCash,14,1,3,0,Y,1,1,1,synthetic_PK_calibrated
23,male,Peshawar,peri_urban,5,2,own,Small farmer,6.8,1,637428,livestock,89192,22.6,0.14,3,lower_middle,187,7381.0,5,7,3,1,SadaPay,31,1,4,0,N,1,0,0,synthetic_PK_calibrated
30,male,Sialkot,peri_urban,6,2,family_home,Informal factory worker,3.1,0,386244,inventory_purchase,95444,34.0,0.247,18,lower_middle,251,9907.0,4,8,4,0,None,0,1,3,0,N,3,0,0,synthetic_PK_calibrated
43,female,Gujranwala,urban,6,1,rent,Rickshaw/bike driver,2.9,0,382908,education,6135,33.9,0.016,24,low,191,5151.0,6,6,5,0,None,0,0,2,0,Y,2,1,0,synthetic_PK_calibrated
56,male,Gujranwala,urban,5,2,family_home,Daily wage laborer,4.6,0,302520,inventory_purchase,128747,29.7,0.426,6,very_low,58,811.0,6,6,3,1,EasyPaisa,11,1,2,0,Y,3,1,1,synthetic_PK_calibrated
55,male,Karachi,urban,3,1,family_home,Rickshaw/bike driver,3.0,0,278856,home_repair,112373,21.4,0.403,12,low,187,5043.0,6,6,8,1,EasyPaisa,28,0,2,0,N,2,1,1,synthetic_PK_calibrated
31,male,Rahim Yar Khan,rural_adjacent,7,4,family_home,Informal factory worker,1.8,0,461724,education,112114,18.9,0.243,9,lower_middle,241,9512.0,8,4,5,0,None,0,0,2,0,N,1,0,1,synthetic_PK_calibrated
53,male,Rahim Yar Khan,rural_adjacent,5,1,rent,Street food vendor,1.3,1,479280,inventory_purchase,147957,32.4,0.309,24,low,122,3290.0,7,5,6,0,None,0,1,5,0,N,1,0,0,synthetic_PK_calibrated
38,male,Sialkot,peri_urban,2,0,rent,Daily wage laborer,3.6,0,225684,working_capital,115436,18.5,0.511,3,very_low,93,1301.0,4,8,2,1,JazzCash,17,0,5,0,N,1,1,0,synthetic_PK_calibrated
56,female,Karachi,urban,5,1,family_home,Fruit/veg cart,2.1,0,253068,inventory_purchase,139308,33.8,0.55,9,very_low,77,1077.0,6,6,5,0,None,0,0,2,0,Y,3,0,1,synthetic_PK_calibrated
42,male,Faisalabad,urban,4,0,rent,Street food vendor,7.3,1,454920,inventory_purchase,47129,22.1,0.104,3,low,122,3290.0,8,4,3,1,NayaPay,2,0,3,1,N,1,1,0,synthetic_PK_calibrated
32,male,Karachi,urban,3,0,rent,Home-based worker,1.4,0,218052,education,40191,30.5,0.184,3,very_low,117,1637.0,5,7,0,1,EasyPaisa,21,1,2,0,Y,0,0,0,synthetic_PK_calibrated
22,male,Rahim Yar Khan,rural_adjacent,8,0,own,Small shopkeeper,8.7,0,784308,working_capital,140362,28.7,0.179,9,lower_middle,186,7341.0,8,4,6,0,None,0,1,3,0,N,1,0,0,synthetic_PK_calibrated
47,female,Gujranwala,urban,6,4,rent,Rickshaw/bike driver,3.4,0,407316,home_repair,143260,22.5,0.352,12,low,198,5340.0,9,3,6,1,NayaPay,24,1,2,1,Y,1,0,0,synthetic_PK_calibrated
44,male,Sialkot,peri_urban,8,1,family_home,Daily wage laborer,0.5,0,286692,equipment_purchase,32563,32.2,0.114,9,very_low,81,1133.0,4,8,2,1,EasyPaisa,14,1,5,0,N,2,0,0,synthetic_PK_calibrated
55,male,Peshawar,peri_urban,3,1,rent,Daily wage laborer,5.0,0,367176,medical_emergency,121849,28.9,0.332,6,very_low,117,1637.0,4,8,3,1,EasyPaisa,16,1,5,0,N,1,0,0,synthetic_PK_calibrated
27,male,Gujranwala,urban,7,1,rent,Domestic worker,1.2,0,214884,medical_emergency,64668,30.4,0.301,12,very_low,78,1091.0,5,7,4,1,JazzCash,4,0,4,0,N,3,0,0,synthetic_PK_calibrated
24,male,Multan,peri_urban,7,0,rent,Self-employed electrician,2.2,0,528336,equipment_purchase,146906,32.6,0.278,12,middle,300,13674.0,9,3,6,0,None,0,0,1,0,N,1,1,0,synthetic_PK_calibrated
22,male,Gujranwala,urban,8,6,family_home,Construction worker,1.2,1,266352,livestock,149868,24.5,0.563,3,low,107,2886.0,3,9,1,0,None,0,1,4,0,Y,2,1,0,synthetic_PK_calibrated
43,male,Multan,peri_urban,5,2,rent,Small shopkeeper,11.2,0,366240,medical_emergency,142493,31.4,0.389,18,lower_middle,180,7105.0,7,5,6,1,SadaPay,11,1,1,1,N,0,1,0,synthetic_PK_calibrated
52,male,Lahore,urban,5,2,family_home,Fruit/veg cart,16.6,0,418500,medical_emergency,116201,31.9,0.278,24,very_low,73,1021.0,6,6,5,1,JazzCash,30,1,2,0,Y,2,1,0,synthetic_PK_calibrated
46,female,Rawalpindi,urban,2,0,rent,Small shopkeeper,6.6,0,523008,working_capital,92508,19.2,0.177,6,lower_middle,198,7815.0,9,3,11,1,JazzCash,4,1,2,0,N,2,0,0,synthetic_PK_calibrated
27,female,Faisalabad,urban,8,1,rent,Motorcycle mechanic,2.4,0,387288,working_capital,104159,30.5,0.269,18,lower_middle,180,7105.0,10,2,7,0,None,0,1,3,1,Y,0,0,1,synthetic_PK_calibrated
29,male,Gujranwala,urban,3,1,rent,Informal factory worker,0.8,0,423588,home_repair,23243,32.5,0.055,24,lower_middle,220,8683.0,6,6,6,1,SadaPay,31,1,2,0,N,2,1,0,synthetic_PK_calibrated
34,female,Sialkot,peri_urban,8,5,rent,Home-based worker,3.3,0,302340,working_capital,113863,25.5,0.377,12,very_low,94,1315.0,3,9,4,0,None,0,0,5,0,Y,0,0,1,synthetic_PK_calibrated
48,female,Peshawar,peri_urban,6,4,rent,Self-employed electrician,1.5,0,616368,inventory_purchase,59112,35.7,0.096,24,middle,337,15360.0,7,5,8,1,EasyPaisa,34,1,0,0,N,1,0,0,synthetic_PK_calibrated
53,male,Karachi,urban,2,0,family_home,Self-employed electrician,4.8,0,572532,livestock,141537,31.4,0.247,3,middle,425,19372.0,9,3,9,0,None,0,1,2,0,N,3,0,0,synthetic_PK_calibrated
37,male,Karachi,urban,5,2,own,Small shopkeeper,0.5,0,414552,education,106110,19.5,0.256,9,lower_middle,300,11841.0,4,8,8,0,None,0,0,2,1,N,3,1,0,synthetic_PK_calibrated
21,male,Lahore,urban,8,0,own,Street food vendor,2.9,1,365928,livestock,22111,34.4,0.06,12,low,120,3236.0,3,9,4,1,JazzCash,26,0,3,0,N,3,0,1,synthetic_PK_calibrated
28,female,Bahawalpur,rural_adjacent,6,2,own,Daily wage laborer,0.5,0,235488,inventory_purchase,21265,19.8,0.09,12,very_low,60,839.0,7,5,3,0,None,0,1,4,0,Y,1,0,1,synthetic_PK_calibrated
33,male,Faisalabad,urban,8,2,own,Fruit/veg cart,3.2,0,186480,education,91348,28.4,0.49,18,very_low,102,1427.0,6,6,10,0,None,0,0,0,0,N,1,0,0,synthetic_PK_calibrated
45,female,Bahawalpur,rural_adjacent,4,1,own,Daily wage laborer,1.3,0,327864,medical_emergency,71403,30.0,0.218,24,very_low,102,1427.0,8,4,4,1,EasyPaisa,10,1,3,0,Y,3,1,1,synthetic_PK_calibrated
39,male,Rawalpindi,urban,3,0,family_home,Construction worker,9.9,1,462120,home_repair,28390,24.8,0.061,9,low,116,3129.0,5,7,4,1,EasyPaisa,22,0,3,1,Y,1,0,0,synthetic_PK_calibrated
40,female,Lahore,urban,3,0,rent,Fruit/veg cart,9.0,0,333636,working_capital,52055,26.6,0.156,3,very_low,85,1189.0,8,4,3,0,None,0,1,4,0,N,2,1,0,synthetic_PK_calibrated
35,male,Lahore,urban,2,0,rent,Street food vendor,0.5,1,434268,working_capital,94606,30.0,0.218,6,low,167,4504.0,2,10,3,0,None,0,1,4,0,Y,2,0,1,synthetic_PK_calibrated
44,female,Karachi,urban,7,5,rent,Fruit/veg cart,9.8,0,297120,equipment_purchase,107870,20.7,0.363,6,very_low,58,811.0,3,9,3,1,SadaPay,27,1,1,1,N,3,1,0,synthetic_PK_calibrated
32,male,Peshawar,peri_urban,7,5,own,Daily wage laborer,1.9,0,297684,home_repair,146112,28.3,0.491,3,very_low,72,1007.0,4,8,3,0,None,0,1,5,0,N,3,0,1,synthetic_PK_calibrated
49,male,Sialkot,peri_urban,2,0,family_home,Home-based worker,4.1,0,330792,equipment_purchase,131718,33.2,0.398,9,very_low,116,1623.0,3,9,4,0,None,0,0,3,0,N,3,1,0,synthetic_PK_calibrated
29,male,Multan,peri_urban,7,1,family_home,Home-based worker,2.2,0,257508,livestock,138878,22.2,0.539,6,very_low,94,1315.0,5,7,2,1,EasyPaisa,12,0,2,1,Y,3,1,1,synthetic_PK_calibrated
43,female,Sialkot,peri_urban,7,0,rent,Domestic worker,0.5,0,193224,equipment_purchase,108127,30.0,0.56,6,very_low,67,937.0,6,6,4,1,NayaPay,13,1,3,0,Y,0,0,1,synthetic_PK_calibrated
35,male,Rawalpindi,urban,7,3,family_home,Small shopkeeper,4.8,0,364260,working_capital,117833,21.6,0.323,6,lower_middle,227,8960.0,11,1,8,0,None,0,0,2,1,Y,1,0,1,synthetic_PK_calibrated
39,male,Faisalabad,urban,5,2,family_home,Informal factory worker,1.9,0,394752,inventory_purchase,91390,32.2,0.232,18,lower_middle,192,7578.0,6,6,8,0,None,0,0,4,0,N,2,0,0,synthetic_PK_calibrated
31,male,Bahawalpur,rural_adjacent,8,0,rent,Small shopkeeper,2.0,0,530208,medical_emergency,14096,24.4,0.027,12,lower_middle,187,7381.0,7,5,5,1,NayaPay,9,1,2,0,N,3,1,0,synthetic_PK_calibrated
38,male,Bahawalpur,rural_adjacent,6,1,rent,Fruit/veg cart,4.3,0,359292,inventory_purchase,111378,30.4,0.31,12,very_low,72,1007.0,5,7,2,1,JazzCash,26,1,4,0,Y,0,0,0,synthetic_PK_calibrated
36,male,Rawalpindi,urban,8,2,family_home,Daily wage laborer,2.0,0,220932,education,102409,21.7,0.464,12,very_low,119,1665.0,3,9,4,0,None,0,1,3,0,Y,3,0,1,synthetic_PK_calibrated
54,male,Gujranwala,urban,8,1,rent,Home-based worker,4.1,0,147168,education,46514,34.5,0.316,12,very_low,107,1497.0,5,7,3,1,JazzCash,11,1,2,0,Y,0,0,1,synthetic_PK_calibrated
23,male,Rahim Yar Khan,rural_adjacent,8,6,family_home,Self-employed electrician,5.3,0,495888,home_repair,75408,18.9,0.152,12,middle,282,12854.0,9,3,8,0,None,0,1,1,0,N,3,0,1,synthetic_PK_calibrated
53,male,Multan,peri_urban,5,2,rent,Street food vendor,0.5,1,389184,equipment_purchase,75639,29.8,0.194,6,low,113,3048.0,6,6,4,1,SadaPay,26,0,3,1,N,3,1,1,synthetic_PK_calibrated
40,female,Bahawalpur,rural_adjacent,2,0,family_home,Construction worker,1.3,1,375840,inventory_purchase,117696,25.7,0.313,12,low,181,4882.0,4,8,3,0,None,0,0,3,0,Y,1,0,1,synthetic_PK_calibrated
23,male,Peshawar,peri_urban,6,3,rent,Informal factory worker,2.7,0,288432,working_capital,5424,21.7,0.019,18,lower_middle,281,11091.0,8,4,5,0,None,0,1,1,0,Y,1,1,1,synthetic_PK_calibrated
27,female,Lahore,urban,4,0,rent,Daily wage laborer,5.2,0,357816,medical_emergency,104895,24.8,0.293,12,very_low,53,741.0,7,5,3,1,JazzCash,4,1,3,1,Y,0,1,0,synthetic_PK_calibrated
36,male,Peshawar,peri_urban,7,1,family_home,Informal factory worker,1.4,0,394872,home_repair,60820,34.7,0.154,3,lower_middle,262,10341.0,6,6,4,0,None,0,1,3,0,N,1,1,0,synthetic_PK_calibrated
37,female,Sialkot,peri_urban,6,2,family_home,Home-based worker,0.5,0,328968,medical_emergency,47354,26.3,0.144,18,very_low,107,1497.0,2,10,2,1,JazzCash,7,1,2,1,Y,1,0,1,synthetic_PK_calibrated
53,female,Rahim Yar Khan,rural_adjacent,2,0,family_home,Construction worker,0.5,1,376284,inventory_purchase,45167,25.3,0.12,6,low,209,5637.0,7,5,1,1,JazzCash,4,1,4,0,Y,1,0,1,synthetic_PK_calibrated
50,male,Karachi,urban,8,5,own,Construction worker,10.0,1,273372,working_capital,148751,24.9,0.544,24,low,126,3398.0,6,6,2,1,SadaPay,17,0,2,0,N,1,0,0,synthetic_PK_calibrated
39,male,Lahore,urban,5,1,family_home,Motorcycle mechanic,2.4,0,539688,livestock,71760,19.8,0.133,12,lower_middle,307,12117.0,9,3,7,1,JazzCash,31,0,0,0,N,3,0,0,synthetic_PK_calibrated
26,female,Bahawalpur,rural_adjacent,2,0,family_home,Small shopkeeper,1.7,0,733236,livestock,60810,29.1,0.083,6,lower_middle,181,7144.0,8,4,8,0,None,0,1,3,1,N,1,1,0,synthetic_PK_calibrated
50,male,Karachi,urban,2,0,rent,Small shopkeeper,6.9,0,508164,equipment_purchase,36152,31.1,0.071,6,lower_middle,267,10538.0,10,2,10,0,None,0,1,4,1,N,1,1,0,synthetic_PK_calibrated
24,female,Gujranwala,urban,5,0,rent,Small farmer,1.4,1,332484,home_repair,101342,34.9,0.305,9,lower_middle,288,11367.0,8,4,7,1,JazzCash,4,1,3,0,N,1,1,0,synthetic_PK_calibrated
20,male,Rahim Yar Khan,rural_adjacent,2,0,family_home,Daily wage laborer,3.3,0,341100,inventory_purchase,44211,23.9,0.13,3,very_low,80,1119.0,3,9,2,0,None,0,1,4,0,Y,1,1,0,synthetic_PK_calibrated
51,male,Multan,peri_urban,7,3,rent,Home-based worker,8.3,0,174876,livestock,128731,18.6,0.736,3,very_low,103,1441.0,5,7,6,1,EasyPaisa,9,1,4,0,Y,1,0,1,synthetic_PK_calibrated
48,male,Lahore,urban,7,4,family_home,Daily wage laborer,2.8,0,359832,inventory_purchase,29136,20.5,0.081,6,very_low,102,1427.0,5,7,5,0,None,0,1,4,0,Y,2,1,0,synthetic_PK_calibrated
23,male,Lahore,urban,8,5,rent,Rickshaw/bike driver,1.7,0,454308,education,140724,23.2,0.31,24,low,105,2832.0,7,5,5,0,None,0,0,5,0,N,0,1,0,synthetic_PK_calibrated
45,male,Faisalabad,urban,3,0,rent,Daily wage laborer,1.2,0,276768,equipment_purchase,78513,23.1,0.284,6,very_low,106,1483.0,4,8,6,1,SadaPay,22,1,5,1,Y,1,0,0,synthetic_PK_calibrated
52,male,Multan,peri_urban,7,1,rent,Daily wage laborer,6.6,0,378840,equipment_purchase,8841,24.9,0.023,9,very_low,96,1343.0,4,8,2,1,SadaPay,24,1,2,1,Y,3,0,0,synthetic_PK_calibrated
41,male,Multan,peri_urban,2,0,family_home,Street food vendor,7.6,1,400116,inventory_purchase,138007,29.0,0.345,18,low,148,3992.0,8,4,5,0,None,0,1,3,0,N,1,0,0,synthetic_PK_calibrated
55,male,Rawalpindi,urban,3,1,own,Construction worker,1.0,1,348168,equipment_purchase,80449,23.3,0.231,24,low,130,3506.0,4,8,4,1,EasyPaisa,11,1,4,0,Y,1,0,0,synthetic_PK_calibrated
25,female,Rahim Yar Khan,rural_adjacent,8,5,rent,Home-based worker,4.3,0,266316,inventory_purchase,20203,32.6,0.076,24,very_low,54,755.0,4,8,6,1,SadaPay,25,0,4,1,Y,0,0,1,synthetic_PK_calibrated
30,male,Rawalpindi,urban,2,0,own,Informal factory worker,6.4,0,298908,inventory_purchase,21219,24.5,0.071,3,lower_middle,180,7105.0,10,2,5,1,SadaPay,26,0,4,0,N,0,1,0,synthetic_PK_calibrated
47,male,Peshawar,peri_urban,3,0,family_home,Daily wage laborer,13.4,0,286020,education,15272,35.8,0.053,18,very_low,108,1511.0,5,7,4,1,JazzCash,10,1,3,0,Y,2,0,0,synthetic_PK_calibrated
30,male,Peshawar,peri_urban,4,2,rent,Motorcycle mechanic,2.3,0,598968,inventory_purchase,22918,25.7,0.038,24,lower_middle,310,12236.0,5,7,7,1,SadaPay,2,0,1,1,N,2,1,0,synthetic_PK_calibrated
36,male,Faisalabad,urban,2,0,family_home,Small farmer,13.2,1,588372,inventory_purchase,38000,24.9,0.065,18,lower_middle,249,9828.0,4,8,4,0,None,0,1,3,0,Y,1,0,1,synthetic_PK_calibrated
50,male,Rahim Yar Khan,rural_adjacent,4,0,rent,Daily wage laborer,2.2,0,375252,home_repair,79453,35.4,0.212,6,very_low,70,979.0,7,5,6,1,EasyPaisa,27,0,5,0,Y,3,0,1,synthetic_PK_calibrated
44,male,Gujranwala,urban,5,2,rent,Daily wage laborer,1.6,0,252708,working_capital,21767,18.9,0.086,18,very_low,60,839.0,7,5,4,0,None,0,1,4,0,Y,3,0,1,synthetic_PK_calibrated
31,female,Bahawalpur,rural_adjacent,7,5,family_home,Domestic worker,0.5,0,176292,education,69042,18.6,0.392,24,very_low,101,1413.0,5,7,3,0,None,0,1,1,0,Y,2,0,1,synthetic_PK_calibrated
21,male,Gujranwala,urban,8,1,own,Informal factory worker,3.3,0,456828,medical_emergency,85263,23.9,0.187,12,lower_middle,221,8723.0,8,4,5,1,JazzCash,9,0,2,0,Y,0,0,1,synthetic_PK_calibrated
33,male,Lahore,urban,3,1,rent,Small shopkeeper,0.5,0,569772,education,10017,29.5,0.018,12,lower_middle,250,9868.0,8,4,8,0,None,0,1,4,0,N,2,1,0,synthetic_PK_calibrated
34,male,Faisalabad,urban,3,1,rent,Small shopkeeper,1.5,0,369744,livestock,118174,32.2,0.32,12,lower_middle,261,10302.0,11,1,3,0,None,0,1,2,1,Y,2,0,1,synthetic_PK_calibrated
25,male,Rahim Yar Khan,rural_adjacent,6,1,rent,Motorcycle mechanic,10.5,0,345684,equipment_purchase,128307,30.9,0.371,18,lower_middle,312,12315.0,7,5,4,0,None,0,1,1,0,Y,2,0,0,synthetic_PK_calibrated
56,female,Karachi,urban,2,0,rent,Daily wage laborer,1.2,0,325188,medical_emergency,145657,25.0,0.448,3,very_low,82,1147.0,7,5,4,0,None,0,1,2,0,N,3,1,0,synthetic_PK_calibrated
49,male,Rawalpindi,urban,8,2,family_home,Informal factory worker,2.7,0,452952,equipment_purchase,137933,21.6,0.305,12,lower_middle,212,8368.0,8,4,5,0,None,0,1,2,0,N,2,0,0,synthetic_PK_calibrated
23,male,Peshawar,peri_urban,7,2,family_home,Informal factory worker,3.1,0,410292,inventory_purchase,101172,18.3,0.247,18,lower_middle,243,9591.0,7,5,4,0,None,0,1,4,1,Y,2,0,1,synthetic_PK_calibrated
26,male,Faisalabad,urban,8,3,rent,Street food vendor,7.4,1,488808,medical_emergency,116841,25.1,0.239,9,low,111,2994.0,5,7,5,0,None,0,1,5,0,N,2,0,1,synthetic_PK_calibrated
30,male,Lahore,urban,8,1,rent,Rickshaw/bike driver,1.1,0,492912,working_capital,12691,22.4,0.026,9,low,143,3857.0,6,6,5,0,None,0,1,3,0,N,1,0,1,synthetic_PK_calibrated
49,female,Peshawar,peri_urban,7,5,family_home,Small shopkeeper,2.1,0,466212,inventory_purchase,41389,20.7,0.089,18,lower_middle,239,9433.0,9,3,5,1,JazzCash,19,1,3,0,N,3,0,0,synthetic_PK_calibrated
34,male,Bahawalpur,rural_adjacent,5,1,rent,Construction worker,2.8,1,261564,working_capital,85952,23.2,0.329,6,low,199,5367.0,5,7,2,0,None,0,1,4,0,Y,0,0,0,synthetic_PK_calibrated
39,male,Multan,peri_urban,5,0,rent,Informal factory worker,1.6,0,485664,education,37822,18.4,0.078,12,lower_middle,185,7302.0,8,4,5,0,None,0,1,4,0,Y,1,1,1,synthetic_PK_calibrated
22,male,Multan,peri_urban,7,2,family_home,Daily wage laborer,4.8,0,314628,working_capital,43585,18.3,0.139,9,very_low,64,895.0,6,6,2,1,SadaPay,8,1,4,0,Y,2,1,0,synthetic_PK_calibrated
29,male,Faisalabad,urban,5,2,family_home,Street food vendor,13.6,1,397752,equipment_purchase,141123,24.1,0.355,3,low,122,3290.0,2,10,3,1,NayaPay,26,1,3,0,N,3,0,0,synthetic_PK_calibrated
50,male,Faisalabad,urban,8,3,family_home,Rickshaw/bike driver,1.0,0,519744,working_capital,37174,28.5,0.072,24,low,199,5367.0,6,6,5,0,None,0,1,4,1,Y,3,1,1,synthetic_PK_calibrated
35,female,Peshawar,peri_urban,8,3,own,Fruit/veg cart,13.0,0,414804,equipment_purchase,55502,26.5,0.134,12,very_low,84,1175.0,4,8,4,0,None,0,1,3,0,N,2,1,0,synthetic_PK_calibrated
24,male,Gujranwala,urban,2,0,rent,Small farmer,0.7,1,608124,home_repair,23069,21.5,0.038,18,lower_middle,314,12394.0,3,9,4,0,None,0,1,4,1,N,0,0,0,synthetic_PK_calibrated
33,male,Rawalpindi,urban,2,0,family_home,Domestic worker,5.3,0,258996,education,78338,22.8,0.302,6,very_low,55,769.0,4,8,2,1,JazzCash,8,1,2,0,Y,2,0,0,synthetic_PK_calibrated
55,male,Multan,peri_urban,4,2,family_home,Informal factory worker,3.0,0,326880,livestock,14705,27.9,0.045,3,lower_middle,301,11880.0,9,3,2,1,EasyPaisa,4,1,0,1,N,3,0,0,synthetic_PK_calibrated
25,male,Rawalpindi,urban,2,0,family_home,Domestic worker,0.8,0,291828,working_capital,74874,26.7,0.257,24,very_low,60,839.0,8,4,4,0,None,0,1,3,0,Y,1,0,1,synthetic_PK_calibrated
54,female,Rahim Yar Khan,rural_adjacent,2,0,rent,Street food vendor,2.9,1,461028,working_capital,36977,29.2,0.08,9,low,103,2778.0,4,8,5,0,None,0,1,2,0,N,1,0,0,synthetic_PK_calibrated
46,male,Sialkot,peri_urban,3,0,rent,Domestic worker,2.9,0,237204,inventory_purchase,8991,20.8,0.038,9,very_low,112,1567.0,6,6,2,0,None,0,1,2,0,N,3,1,0,synthetic_PK_calibrated
53,male,Gujranwala,urban,8,0,own,Construction worker,0.8,1,386316,inventory_purchase,49494,24.6,0.128,3,low,163,4396.0,3,9,6,1,NayaPay,12,0,3,1,N,2,0,0,synthetic_PK_calibrated
50,male,Karachi,urban,2,0,rent,Informal factory worker,1.4,0,350208,education,15633,28.9,0.045,24,lower_middle,284,11209.0,7,5,4,0,None,0,0,2,0,Y,2,0,0,synthetic_PK_calibrated
52,female,Peshawar,peri_urban,8,6,own,Rickshaw/bike driver,1.8,0,480828,education,72323,30.5,0.15,12,low,159,4288.0,5,7,6,1,JazzCash,13,1,3,0,N,3,0,1,synthetic_PK_calibrated
21,female,Karachi,urban,7,0,own,Construction worker,0.5,1,264312,home_repair,122957,29.0,0.465,9,low,211,5691.0,1,11,6,0,None,0,0,3,0,Y,3,0,1,synthetic_PK_calibrated
24,male,Peshawar,peri_urban,3,1,family_home,Construction worker,5.6,1,323400,equipment_purchase,100515,27.9,0.311,9,low,205,5529.0,6,6,4,0,None,0,0,5,0,Y,3,1,0,synthetic_PK_calibrated
25,male,Karachi,urban,2,0,family_home,Rickshaw/bike driver,3.2,0,357792,working_capital,90030,19.4,0.252,6,low,162,4369.0,5,7,3,1,EasyPaisa,31,1,3,0,N,2,0,0,synthetic_PK_calibrated
22,female,Lahore,urban,7,4,rent,Fruit/veg cart,4.6,0,261252,medical_emergency,40120,21.7,0.154,18,very_low,58,811.0,6,6,4,1,SadaPay,33,1,4,1,N,1,1,1,synthetic_PK_calibrated
45,male,Faisalabad,urban,4,2,family_home,Construction worker,9.2,1,387108,medical_emergency,9225,31.3,0.024,18,low,140,3776.0,3,9,4,0,None,0,1,2,1,N,3,0,0,synthetic_PK_calibrated
49,female,Lahore,urban,2,0,family_home,Informal factory worker,0.5,0,360960,education,78541,26.0,0.218,24,lower_middle,193,7618.0,5,7,4,0,None,0,1,3,0,N,2,0,1,synthetic_PK_calibrated
42,male,Gujranwala,urban,4,1,own,Domestic worker,0.5,0,359748,working_capital,17202,31.4,0.048,9,very_low,77,1077.0,3,9,4,1,NayaPay,13,0,3,0,Y,2,1,1,synthetic_PK_calibrated
50,female,Rahim Yar Khan,rural_adjacent,8,1,rent,Domestic worker,3.9,0,256548,home_repair,123960,35.4,0.483,18,very_low,87,1217.0,6,6,2,1,NayaPay,19,0,5,0,N,0,1,0,synthetic_PK_calibrated
30,male,Rahim Yar Khan,rural_adjacent,4,1,own,Daily wage laborer,1.6,0,272820,home_repair,114337,22.8,0.419,12,very_low,91,1273.0,7,5,4,0,None,0,1,4,1,N,1,1,1,synthetic_PK_calibrated
21,female,Rahim Yar Khan,rural_adjacent,7,3,rent,Small shopkeeper,0.6,0,385464,livestock,49264,35.3,0.128,6,lower_middle,202,7973.0,8,4,8,1,SadaPay,16,0,3,0,N,1,0,0,synthetic_PK_calibrated
24,male,Gujranwala,urban,4,0,rent,Rickshaw/bike driver,3.5,0,371496,education,28039,19.9,0.075,6,low,165,4450.0,5,7,5,1,SadaPay,32,1,4,0,N,1,1,0,synthetic_PK_calibrated
53,female,Rahim Yar Khan,rural_adjacent,3,1,rent,Construction worker,6.7,1,322332,livestock,9447,23.7,0.029,6,low,144,3884.0,7,5,6,1,NayaPay,22,1,4,0,Y,3,0,0,synthetic_PK_calibrated
31,female,Gujranwala,urban,3,0,rent,Small shopkeeper,3.0,0,803304,home_repair,137099,30.7,0.171,12,lower_middle,257,10144.0,7,5,7,1,SadaPay,11,1,1,1,N,0,0,0,synthetic_PK_calibrated
24,male,Faisalabad,urban,7,0,family_home,Small farmer,7.2,1,433356,home_repair,22401,24.8,0.052,24,lower_middle,256,10104.0,6,6,7,1,SadaPay,7,0,2,1,Y,3,0,0,synthetic_PK_calibrated
27,male,Karachi,urban,5,3,rent,Home-based worker,3.2,0,209052,working_capital,123903,28.6,0.593,24,very_low,110,1539.0,5,7,7,0,None,0,1,5,0,N,3,0,0,synthetic_PK_calibrated
53,male,Faisalabad,urban,2,0,family_home,Construction worker,3.8,1,481224,education,11088,35.0,0.023,6,low,192,5178.0,4,8,2,1,SadaPay,2,1,3,0,Y,0,1,1,synthetic_PK_calibrated
56,female,Rawalpindi,urban,3,0,family_home,Fruit/veg cart,1.4,0,251640,home_repair,125824,33.3,0.5,12,very_low,99,1385.0,6,6,4,0,None,0,1,4,0,N,3,0,0,synthetic_PK_calibrated
43,male,Faisalabad,urban,4,0,rent,Small farmer,3.2,1,305940,livestock,66797,28.3,0.218,12,lower_middle,242,9552.0,7,5,0,1,SadaPay,30,1,3,0,Y,0,1,0,synthetic_PK_calibrated
52,female,Multan,peri_urban,6,4,family_home,Rickshaw/bike driver,4.8,0,554556,education,148770,31.2,0.268,3,low,126,3398.0,8,4,3,1,SadaPay,17,1,4,1,N,2,1,0,synthetic_PK_calibrated
46,male,Sialkot,peri_urban,2,0,own,Construction worker,0.8,1,310440,home_repair,132870,30.0,0.428,9,low,183,4936.0,2,10,7,0,None,0,1,3,0,N,3,1,1,synthetic_PK_calibrated
38,male,Karachi,urban,7,1,rent,Daily wage laborer,5.7,0,309912,home_repair,117117,22.8,0.378,9,very_low,119,1665.0,5,7,3,1,NayaPay,12,1,4,1,N,2,0,1,synthetic_PK_calibrated
33,male,Peshawar,peri_urban,3,1,rent,Small shopkeeper,8.7,0,720012,livestock,30261,20.6,0.042,12,lower_middle,265,10460.0,8,4,7,1,SadaPay,33,0,1,0,N,2,0,0,synthetic_PK_calibrated
47,male,Gujranwala,urban,7,4,rent,Rickshaw/bike driver,7.4,0,288360,working_capital,18351,29.0,0.064,9,low,202,5448.0,3,9,5,0,None,0,1,2,0,Y,1,0,0,synthetic_PK_calibrated
49,male,Lahore,urban,8,1,family_home,Self-employed electrician,0.9,0,721632,inventory_purchase,44125,19.7,0.061,24,middle,373,17001.0,12,0,6,0,None,0,0,3,1,N,2,0,0,synthetic_PK_calibrated
23,female,Faisalabad,urban,6,2,rent,Construction worker,4.3,1,532728,home_repair,50984,24.5,0.096,24,low,116,3129.0,4,8,8,1,SadaPay,4,0,4,0,Y,0,1,1,synthetic_PK_calibrated
39,male,Gujranwala,urban,5,2,own,Small shopkeeper,2.5,0,649980,medical_emergency,63308,28.0,0.097,18,lower_middle,283,11170.0,9,3,8,0,None,0,1,0,0,N,1,0,1,synthetic_PK_calibrated
49,male,Rahim Yar Khan,rural_adjacent,4,1,rent,Daily wage laborer,6.4,0,305340,inventory_purchase,75656,31.1,0.248,3,very_low,113,1581.0,6,6,6,0,None,0,1,3,0,N,0,1,0,synthetic_PK_calibrated
27,female,Karachi,urban,2,0,family_home,Daily wage laborer,3.2,0,232008,working_capital,129766,35.8,0.559,18,very_low,59,825.0,4,8,3,0,None,0,1,4,1,Y,1,0,0,synthetic_PK_calibrated
28,male,Multan,peri_urban,8,1,family_home,Rickshaw/bike driver,4.0,0,451032,working_capital,121351,29.3,0.269,9,low,199,5367.0,6,6,4,1,JazzCash,7,1,5,0,N,1,1,0,synthetic_PK_calibrated
48,female,Karachi,urban,2,0,rent,Fruit/veg cart,5.3,0,404652,inventory_purchase,45213,26.6,0.112,24,very_low,50,700.0,7,5,2,0,None,0,1,4,0,Y,0,0,1,synthetic_PK_calibrated
39,female,Rawalpindi,urban,4,0,own,Construction worker,6.0,1,323016,medical_emergency,112879,20.9,0.349,24,low,101,2724.0,7,5,5,1,EasyPaisa,3,1,3,0,N,2,0,0,synthetic_PK_calibrated
44,male,Rawalpindi,urban,6,2,rent,Daily wage laborer,3.8,0,357612,medical_emergency,21291,20.5,0.06,6,very_low,90,1259.0,3,9,3,1,SadaPay,33,1,1,0,N,1,1,0,synthetic_PK_calibrated
26,male,Rawalpindi,urban,4,2,rent,Daily wage laborer,7.9,0,368808,working_capital,7039,32.8,0.019,12,very_low,119,1665.0,5,7,4,1,SadaPay,25,1,4,0,Y,1,0,1,synthetic_PK_calibrated
39,male,Gujranwala,urban,3,0,family_home,Small shopkeeper,6.4,0,823380,medical_emergency,83588,29.1,0.102,12,lower_middle,275,10854.0,5,7,8,0,None,0,1,2,0,Y,3,0,1,synthetic_PK_calibrated
35,male,Rahim Yar Khan,rural_adjacent,5,2,rent,Construction worker,0.6,1,358944,working_capital,98779,27.0,0.275,6,low,177,4774.0,5,7,2,0,None,0,0,1,0,N,2,0,0,synthetic_PK_calibrated
42,male,Sialkot,peri_urban,7,0,own,Self-employed electrician,1.2,0,749028,livestock,16654,28.7,0.022,6,middle,410,18688.0,6,6,8,1,EasyPaisa,33,1,3,1,Y,3,0,0,synthetic_PK_calibrated
49,male,Faisalabad,urban,6,2,family_home,Rickshaw/bike driver,5.4,0,571020,inventory_purchase,145105,21.4,0.254,9,low,149,4019.0,7,5,6,1,SadaPay,8,1,1,0,Y,3,1,0,synthetic_PK_calibrated
44,male,Faisalabad,urban,2,0,rent,Motorcycle mechanic,7.6,0,575880,education,67233,29.2,0.117,18,lower_middle,239,9433.0,6,6,6,0,None,0,1,1,0,N,3,1,0,synthetic_PK_calibrated
30,male,Rahim Yar Khan,rural_adjacent,4,0,family_home,Construction worker,4.7,1,358740,inventory_purchase,102083,34.2,0.285,3,low,205,5529.0,5,7,1,0,None,0,1,2,0,N,0,1,0,synthetic_PK_calibrated
29,female,Rahim Yar Khan,rural_adjacent,3,0,family_home,Construction worker,3.4,1,365532,working_capital,39261,33.7,0.107,3,low,115,3102.0,6,6,3,1,SadaPay,8,1,3,0,Y,2,0,1,synthetic_PK_calibrated
55,female,Peshawar,peri_urban,2,0,rent,Daily wage laborer,0.7,0,325704,working_capital,52266,18.8,0.16,9,very_low,107,1497.0,3,9,4,1,NayaPay,13,1,4,1,Y,3,0,0,synthetic_PK_calibrated
32,male,Karachi,urban,7,2,rent,Self-employed electrician,10.5,0,380844,education,79332,26.3,0.208,18,middle,387,17639.0,6,6,6,1,SadaPay,32,1,2,0,N,0,0,0,synthetic_PK_calibrated
53,male,Multan,peri_urban,5,2,rent,Street food vendor,0.5,1,385536,equipment_purchase,65064,28.3,0.169,3,low,106,2859.0,6,6,3,0,None,0,1,5,0,N,0,0,0,synthetic_PK_calibrated
37,male,Lahore,urban,6,0,own,Fruit/veg cart,3.0,0,300000,home_repair,89463,28.2,0.298,24,very_low,74,1035.0,6,6,6,0,None,0,0,4,0,N,2,0,0,synthetic_PK_calibrated
39,female,Karachi,urban,6,3,rent,Daily wage laborer,7.7,0,324900,inventory_purchase,118466,29.8,0.365,12,very_low,78,1091.0,7,5,5,0,None,0,0,5,0,Y,2,1,1,synthetic_PK_calibrated
20,male,Multan,peri_urban,8,0,family_home,Domestic worker,18.2,0,256488,medical_emergency,21705,34.2,0.085,3,very_low,117,1637.0,4,8,4,0,None,0,1,5,0,Y,3,0,0,synthetic_PK_calibrated
52,male,Lahore,urban,8,3,family_home,Informal factory worker,4.3,0,427488,home_repair,26169,30.0,0.061,24,lower_middle,315,12433.0,7,5,7,0,None,0,0,3,1,Y,2,0,1,synthetic_PK_calibrated
24,male,Multan,peri_urban,2,0,rent,Home-based worker,0.5,0,216264,medical_emergency,19674,24.3,0.091,6,very_low,71,993.0,5,7,0,0,None,0,0,3,0,Y,3,0,0,synthetic_PK_calibrated
54,male,Bahawalpur,rural_adjacent,8,6,rent,Informal factory worker,14.3,0,407652,livestock,63676,32.8,0.156,12,lower_middle,229,9039.0,7,5,5,0,None,0,1,4,1,N,1,0,0,synthetic_PK_calibrated
38,male,Peshawar,peri_urban,4,1,rent,Construction worker,3.5,1,460836,inventory_purchase,49327,28.4,0.107,24,low,141,3803.0,8,4,6,1,EasyPaisa,3,0,5,0,Y,2,0,0,synthetic_PK_calibrated
52,male,Lahore,urban,2,0,own,Small shopkeeper,1.0,0,824352,medical_emergency,149779,29.8,0.182,9,lower_middle,287,11328.0,8,4,8,1,JazzCash,18,0,0,0,N,3,1,0,synthetic_PK_calibrated
48,male,Karachi,urban,4,0,rent,Rickshaw/bike driver,23.0,0,465228,education,112251,26.4,0.241,6,low,110,2967.0,6,6,4,1,SadaPay,17,0,4,0,N,1,0,1,synthetic_PK_calibrated
51,female,Gujranwala,urban,4,2,rent,Self-employed electrician,0.7,0,574584,home_repair,32785,23.0,0.057,24,middle,308,14039.0,9,3,7,1,JazzCash,8,0,2,1,N,3,1,0,synthetic_PK_calibrated
50,female,Peshawar,peri_urban,5,1,family_home,Construction worker,0.7,1,419448,livestock,137721,20.7,0.328,6,low,110,2967.0,6,6,4,1,NayaPay,29,0,5,0,Y,0,0,0,synthetic_PK_calibrated
30,male,Sialkot,peri_urban,2,0,rent,Construction worker,2.0,1,536376,medical_emergency,134814,18.6,0.251,12,low,120,3236.0,3,9,2,0,None,0,1,3,0,Y,2,0,1,synthetic_PK_calibrated
44,male,Lahore,urban,8,1,rent,Self-employed electrician,6.1,0,365856,working_capital,48026,18.5,0.131,9,middle,326,14859.0,8,4,9,0,None,0,1,3,0,N,2,0,0,synthetic_PK_calibrated
30,male,Multan,peri_urban,7,0,family_home,Small shopkeeper,8.8,0,369480,working_capital,102475,24.6,0.277,3,lower_middle,192,7578.0,9,3,8,0,None,0,1,3,1,Y,0,1,1,synthetic_PK_calibrated
52,male,Faisalabad,urban,8,0,rent,Rickshaw/bike driver,2.5,0,450276,working_capital,24046,24.6,0.053,3,low,191,5151.0,7,5,3,1,NayaPay,16,1,2,1,N,1,0,0,synthetic_PK_calibrated
44,male,Peshawar,peri_urban,2,0,rent,Home-based worker,1.5,0,259320,livestock,35134,31.7,0.135,18,very_low,65,909.0,4,8,4,0,None,0,1,3,0,Y,2,0,0,synthetic_PK_calibrated
32,male,Rahim Yar Khan,rural_adjacent,7,5,own,Street food vendor,3.5,1,243552,inventory_purchase,148626,19.1,0.61,9,low,166,4477.0,5,7,1,1,JazzCash,8,0,4,0,Y,1,0,0,synthetic_PK_calibrated
21,male,Faisalabad,urban,7,3,own,Domestic worker,0.5,0,236292,education,129115,34.8,0.546,18,very_low,107,1497.0,4,8,6,1,NayaPay,5,1,2,0,Y,3,1,1,synthetic_PK_calibrated
29,male,Gujranwala,urban,4,1,family_home,Domestic worker,8.9,0,237924,livestock,110856,35.6,0.466,24,very_low,61,853.0,6,6,2,0,None,0,1,4,0,Y,3,0,0,synthetic_PK_calibrated
50,female,Lahore,urban,8,2,family_home,Small shopkeeper,0.6,0,380604,working_capital,30259,24.4,0.08,3,lower_middle,276,10894.0,10,2,8,1,SadaPay,22,1,0,0,N,3,0,0,synthetic_PK_calibrated
34,female,Faisalabad,urban,3,1,rent,Construction worker,3.9,1,499788,inventory_purchase,35653,27.4,0.071,6,low,118,3182.0,4,8,1,0,None,0,1,5,0,Y,0,0,1,synthetic_PK_calibrated
37,female,Multan,peri_urban,2,0,rent,Domestic worker,0.8,0,217416,inventory_purchase,98758,24.6,0.454,3,very_low,69,965.0,6,6,4,0,None,0,0,5,0,Y,2,1,1,synthetic_PK_calibrated
32,male,Multan,peri_urban,5,1,rent,Construction worker,5.1,1,317280,inventory_purchase,109319,18.9,0.345,9,low,129,3479.0,6,6,5,1,SadaPay,32,0,3,0,Y,3,0,0,synthetic_PK_calibrated
39,female,Lahore,urban,5,3,rent,Informal factory worker,3.6,0,431652,home_repair,57195,32.3,0.133,24,lower_middle,290,11446.0,9,3,3,0,None,0,0,3,0,N,3,1,0,synthetic_PK_calibrated
48,female,Lahore,urban,6,3,family_home,Daily wage laborer,2.3,0,238980,home_repair,9409,34.0,0.039,12,very_low,60,839.0,5,7,5,0,None,0,1,1,0,N,2,0,0,synthetic_PK_calibrated
31,male,Lahore,urban,3,1,rent,Rickshaw/bike driver,4.4,0,547212,medical_emergency,124024,28.4,0.227,3,low,214,5772.0,7,5,6,1,SadaPay,22,1,2,1,N,2,0,0,synthetic_PK_calibrated
55,female,Peshawar,peri_urban,4,0,rent,Rickshaw/bike driver,4.7,0,364104,working_capital,142286,32.0,0.391,6,low,164,4423.0,8,4,4,0,None,0,1,2,0,N,0,1,1,synthetic_PK_calibrated
36,female,Faisalabad,urban,3,1,rent,Rickshaw/bike driver,7.1,0,446796,equipment_purchase,108512,21.2,0.243,18,low,111,2994.0,7,5,6,0,None,0,0,4,0,N,2,1,0,synthetic_PK_calibrated
24,female,Peshawar,peri_urban,4,0,family_home,Daily wage laborer,4.6,0,281304,working_capital,83253,26.6,0.296,24,very_low,92,1287.0,2,10,4,0,None,0,1,4,1,Y,1,1,1,synthetic_PK_calibrated
43,male,Bahawalpur,rural_adjacent,3,0,family_home,Domestic worker,9.4,0,174000,education,29641,27.1,0.17,6,very_low,68,951.0,5,7,5,1,NayaPay,7,1,4,0,N,1,1,1,synthetic_PK_calibrated
52,male,Sialkot,peri_urban,3,0,rent,Small shopkeeper,4.7,0,826992,working_capital,14515,19.5,0.018,12,lower_middle,280,11052.0,9,3,8,1,SadaPay,16,1,3,0,N,3,0,0,synthetic_PK_calibrated
21,male,Gujranwala,urban,8,0,family_home,Fruit/veg cart,4.8,0,291120,education,43682,22.6,0.15,9,very_low,76,1063.0,4,8,1,1,NayaPay,23,1,4,0,Y,2,1,1,synthetic_PK_calibrated
56,male,Lahore,urban,2,0,rent,Daily wage laborer,0.5,0,234624,working_capital,71473,20.4,0.305,12,very_low,63,881.0,6,6,5,1,NayaPay,25,1,4,0,N,0,0,0,synthetic_PK_calibrated
22,male,Bahawalpur,rural_adjacent,7,3,rent,Daily wage laborer,0.5,0,241200,equipment_purchase,33015,26.2,0.137,12,very_low,86,1203.0,5,7,3,0,None,0,1,3,0,N,3,0,0,synthetic_PK_calibrated
46,male,Lahore,urban,6,2,rent,Informal factory worker,4.2,0,360420,education,115224,34.4,0.32,24,lower_middle,291,11486.0,5,7,6,1,JazzCash,5,1,2,0,Y,1,0,0,synthetic_PK_calibrated
48,male,Rawalpindi,urban,2,0,rent,Motorcycle mechanic,1.9,0,452676,education,118254,24.5,0.261,3,lower_middle,239,9433.0,7,5,11,0,None,0,0,2,0,N,0,1,0,synthetic_PK_calibrated
30,female,Bahawalpur,rural_adjacent,6,3,rent,Rickshaw/bike driver,2.3,0,473160,education,12444,21.3,0.026,9,low,137,3695.0,3,9,5,0,None,0,0,3,0,N,3,1,0,synthetic_PK_calibrated
37,female,Multan,peri_urban,2,0,family_home,Rickshaw/bike driver,1.9,0,333600,equipment_purchase,87424,28.2,0.262,9,low,174,4693.0,6,6,5,0,None,0,1,3,0,Y,3,0,0,synthetic_PK_calibrated
48,male,Karachi,urban,7,3,family_home,Home-based worker,0.5,0,192144,education,52457,35.4,0.273,9,very_low,81,1133.0,6,6,3,1,EasyPaisa,6,0,3,0,Y,1,0,0,synthetic_PK_calibrated
32,male,Bahawalpur,rural_adjacent,7,1,family_home,Daily wage laborer,2.5,0,350256,inventory_purchase,41843,34.2,0.119,18,very_low,77,1077.0,4,8,4,0,None,0,1,3,1,N,3,1,0,synthetic_PK_calibrated
51,male,Faisalabad,urban,4,1,rent,Street food vendor,6.8,1,471300,equipment_purchase,80888,34.9,0.172,24,low,154,4153.0,8,4,4,0,None,0,1,5,1,N,0,0,0,synthetic_PK_calibrated
20,female,Rawalpindi,urban,2,0,family_home,Home-based worker,1.2,0,217380,medical_emergency,20151,33.9,0.093,18,very_low,62,867.0,6,6,5,0,None,0,1,3,0,Y,1,0,0,synthetic_PK_calibrated
47,female,Peshawar,peri_urban,6,4,rent,Domestic worker,3.5,0,285216,home_repair,118850,21.4,0.417,12,very_low,86,1203.0,6,6,2,0,None,0,1,4,1,Y,2,1,1,synthetic_PK_calibrated
50,female,Rawalpindi,urban,3,0,rent,Construction worker,1.0,1,512928,medical_emergency,111052,26.2,0.217,3,low,218,5879.0,4,8,4,1,SadaPay,18,1,3,0,Y,3,0,0,synthetic_PK_calibrated
46,female,Faisalabad,urban,8,3,own,Domestic worker,1.0,0,233532,livestock,146319,20.7,0.627,24,very_low,108,1511.0,5,7,7,0,None,0,1,5,0,N,2,0,1,synthetic_PK_calibrated
55,male,Rawalpindi,urban,3,1,rent,Domestic worker,4.3,0,351708,livestock,148932,24.6,0.423,6,very_low,95,1329.0,5,7,3,0,None,0,1,2,0,N,1,0,0,synthetic_PK_calibrated
47,male,Rawalpindi,urban,8,2,family_home,Construction worker,3.7,1,499728,home_repair,94680,20.9,0.189,6,low,183,4936.0,2,10,1,0,None,0,1,2,0,N,3,0,1,synthetic_PK_calibrated
41,male,Gujranwala,urban,6,0,family_home,Home-based worker,6.4,0,176328,livestock,90312,31.3,0.512,9,very_low,96,1343.0,8,4,5,0,None,0,1,5,0,Y,0,1,0,synthetic_PK_calibrated
36,male,Karachi,urban,2,0,rent,Street food vendor,7.7,1,251772,inventory_purchase,88394,32.8,0.351,6,low,162,4369.0,7,5,3,0,None,0,1,1,0,N,1,1,1,synthetic_PK_calibrated
26,female,Multan,peri_urban,4,1,rent,Street food vendor,6.6,1,366864,medical_emergency,66491,31.1,0.181,12,low,128,3452.0,3,9,5,1,JazzCash,28,1,2,1,Y,0,1,1,synthetic_PK_calibrated
36,female,Faisalabad,urban,8,2,rent,Street food vendor,3.3,1,284016,working_capital,93022,23.0,0.328,9,low,205,5529.0,4,8,5,1,JazzCash,16,0,3,1,N,2,1,1,synthetic_PK_calibrated
25,male,Bahawalpur,rural_adjacent,2,0,own,Self-employed electrician,0.9,0,566952,livestock,149922,21.7,0.264,18,middle,405,18460.0,7,5,4,0,None,0,1,1,0,N,3,1,1,synthetic_PK_calibrated
52,male,Sialkot,peri_urban,3,1,family_home,Small shopkeeper,2.3,0,481548,home_repair,113033,22.6,0.235,6,lower_middle,273,10775.0,10,2,7,0,None,0,0,3,0,N,3,0,0,synthetic_PK_calibrated
56,male,Rawalpindi,urban,8,3,family_home,Small shopkeeper,12.8,0,862980,livestock,16891,34.2,0.02,24,lower_middle,279,11012.0,10,2,9,1,EasyPaisa,13,0,2,0,Y,3,1,0,synthetic_PK_calibrated
48,female,Rawalpindi,urban,6,1,rent,Street food vendor,1.2,1,344448,education,83066,28.1,0.241,18,low,110,2967.0,8,4,6,0,None,0,1,5,0,Y,3,1,1,synthetic_PK_calibrated
38,female,Multan,peri_urban,6,3,rent,Small shopkeeper,11.8,0,459276,equipment_purchase,145586,19.7,0.317,9,lower_middle,275,10854.0,5,7,6,1,EasyPaisa,32,1,2,1,Y,2,1,1,synthetic_PK_calibrated
37,male,Karachi,urban,8,6,own,Domestic worker,0.5,0,170040,working_capital,59345,19.2,0.349,24,very_low,67,937.0,4,8,5,1,JazzCash,23,1,3,0,N,2,0,0,synthetic_PK_calibrated
38,male,Gujranwala,urban,2,0,rent,Daily wage laborer,2.7,0,364392,equipment_purchase,8321,29.8,0.023,3,very_low,84,1175.0,8,4,3,0,None,0,1,3,0,Y,2,1,1,synthetic_PK_calibrated
42,female,Rawalpindi,urban,7,5,rent,Daily wage laborer,4.6,0,311112,inventory_purchase,93247,27.4,0.3,12,very_low,56,783.0,5,7,5,1,NayaPay,30,1,4,0,Y,1,0,0,synthetic_PK_calibrated
44,male,Peshawar,peri_urban,4,0,rent,Self-employed electrician,2.8,0,768900,inventory_purchase,146916,30.4,0.191,24,middle,315,14358.0,7,5,8,1,EasyPaisa,9,1,4,0,Y,0,0,0,synthetic_PK_calibrated
34,male,Multan,peri_urban,5,0,rent,Daily wage laborer,0.5,0,293328,medical_emergency,27623,33.9,0.094,9,very_low,82,1147.0,5,7,2,0,None,0,1,4,1,Y,0,1,1,synthetic_PK_calibrated
53,female,Faisalabad,urban,2,0,rent,Rickshaw/bike driver,0.5,0,304008,equipment_purchase,94860,25.0,0.312,9,low,210,5664.0,4,8,5,0,None,0,1,3,1,N,2,1,0,synthetic_PK_calibrated
46,female,Gujranwala,urban,5,2,rent,Street food vendor,4.0,1,270708,equipment_purchase,107255,34.1,0.396,3,low,165,4450.0,4,8,1,1,NayaPay,19,1,2,0,Y,0,0,1,synthetic_PK_calibrated
30,male,Rahim Yar Khan,rural_adjacent,6,3,family_home,Daily wage laborer,1.6,0,378468,working_capital,89383,33.0,0.236,18,very_low,91,1273.0,4,8,2,0,None,0,0,4,0,N,1,1,0,synthetic_PK_calibrated
20,male,Karachi,urban,8,2,rent,Rickshaw/bike driver,1.2,0,380160,medical_emergency,119576,21.4,0.315,24,low,153,4126.0,4,8,7,1,EasyPaisa,29,1,4,1,N,1,1,0,synthetic_PK_calibrated
29,male,Gujranwala,urban,7,2,rent,Home-based worker,5.1,0,232848,home_repair,105022,21.1,0.451,9,very_low,110,1539.0,6,6,2,0,None,0,0,2,1,N,1,1,0,synthetic_PK_calibrated
37,male,Faisalabad,urban,5,2,rent,Domestic worker,10.4,0,212340,livestock,131378,27.7,0.619,9,very_low,83,1161.0,5,7,3,1,SadaPay,28,0,4,0,N,2,0,1,synthetic_PK_calibrated
48,female,Karachi,urban,2,0,rent,Daily wage laborer,3.6,0,279720,working_capital,33401,29.3,0.119,9,very_low,60,839.0,5,7,3,0,None,0,0,3,0,N,2,1,0,synthetic_PK_calibrated
33,male,Lahore,urban,3,0,family_home,Self-employed electrician,0.8,0,706248,livestock,101682,33.0,0.144,9,middle,290,13218.0,8,4,6,1,EasyPaisa,16,1,0,1,N,0,0,0,synthetic_PK_calibrated
27,female,Gujranwala,urban,2,0,family_home,Daily wage laborer,6.9,0,346596,equipment_purchase,118610,30.4,0.342,18,very_low,95,1329.0,6,6,5,1,EasyPaisa,28,1,3,0,N,1,0,0,synthetic_PK_calibrated
40,male,Karachi,urban,6,2,family_home,Construction worker,4.5,1,247872,medical_emergency,44266,35.3,0.179,6,low,130,3506.0,4,8,5,0,None,0,1,3,0,N,3,0,0,synthetic_PK_calibrated
54,male,Gujranwala,urban,7,4,rent,Daily wage laborer,5.1,0,322152,equipment_purchase,80864,35.9,0.251,6,very_low,76,1063.0,5,7,3,1,EasyPaisa,17,1,1,0,N,1,1,0,synthetic_PK_calibrated
21,female,Karachi,urban,8,6,own,Domestic worker,5.2,0,280080,medical_emergency,113712,35.1,0.406,12,very_low,95,1329.0,6,6,6,1,SadaPay,28,1,3,0,N,1,0,0,synthetic_PK_calibrated
34,female,Rahim Yar Khan,rural_adjacent,4,1,family_home,Street food vendor,0.5,1,337032,medical_emergency,64317,21.8,0.191,9,low,124,3344.0,6,6,4,0,None,0,1,4,0,Y,1,1,1,synthetic_PK_calibrated
25,female,Sialkot,peri_urban,3,0,rent,Small shopkeeper,2.2,0,686832,equipment_purchase,93366,29.4,0.136,9,lower_middle,185,7302.0,10,2,9,0,None,0,1,3,0,Y,0,1,0,synthetic_PK_calibrated
36,male,Gujranwala,urban,6,0,family_home,Construction worker,7.3,1,327456,education,129908,34.1,0.397,24,low,170,4585.0,6,6,3,0,None,0,0,4,0,Y,3,1,0,synthetic_PK_calibrated
51,male,Rahim Yar Khan,rural_adjacent,4,2,rent,Daily wage laborer,0.6,0,361260,equipment_purchase,86096,33.5,0.238,12,very_low,56,783.0,7,5,0,1,JazzCash,14,1,4,0,Y,1,0,0,synthetic_PK_calibrated
27,female,Rawalpindi,urban,6,1,own,Home-based worker,12.1,0,259548,livestock,49310,32.8,0.19,12,very_low,76,1063.0,6,6,9,1,SadaPay,14,1,2,0,N,1,1,0,synthetic_PK_calibrated
23,male,Bahawalpur,rural_adjacent,2,0,family_home,Domestic worker,1.3,0,338436,working_capital,131193,21.8,0.388,18,very_low,86,1203.0,3,9,2,1,JazzCash,9,1,5,0,Y,1,0,1,synthetic_PK_calibrated
36,male,Peshawar,peri_urban,2,0,family_home,Motorcycle mechanic,9.3,0,586260,inventory_purchase,104354,28.2,0.178,18,lower_middle,187,7381.0,3,9,6,0,None,0,0,3,1,N,2,1,1,synthetic_PK_calibrated
53,male,Rahim Yar Khan,rural_adjacent,7,2,rent,Street food vendor,0.8,1,414708,inventory_purchase,134406,26.9,0.324,12,low,158,4261.0,5,7,3,1,JazzCash,10,1,5,1,Y,3,0,1,synthetic_PK_calibrated
23,male,Rahim Yar Khan,rural_adjacent,2,0,rent,Small shopkeeper,21.4,0,635028,working_capital,92420,33.9,0.146,12,lower_middle,194,7657.0,10,2,8,1,JazzCash,8,1,2,0,N,2,0,0,synthetic_PK_calibrated
28,female,Karachi,urban,7,1,own,Home-based worker,2.3,0,292908,inventory_purchase,68705,30.9,0.235,12,very_low,82,1147.0,9,3,6,1,EasyPaisa,17,1,4,0,N,2,1,0,synthetic_PK_calibrated
50,male,Faisalabad,urban,3,0,family_home,Fruit/veg cart,6.5,0,330192,education,133801,20.8,0.405,18,very_low,107,1497.0,8,4,4,1,EasyPaisa,33,1,4,0,Y,1,0,0,synthetic_PK_calibrated
53,male,Multan,peri_urban,3,0,own,Street food vendor,3.0,1,408492,livestock,101320,26.5,0.248,18,low,106,2859.0,4,8,4,0,None,0,1,1,0,Y,2,0,1,synthetic_PK_calibrated
35,male,Bahawalpur,rural_adjacent,6,3,family_home,Rickshaw/bike driver,0.5,0,284592,education,84091,31.3,0.295,18,low,198,5340.0,2,10,3,0,None,0,1,4,0,Y,2,1,1,synthetic_PK_calibrated
28,female,Rawalpindi,urban,3,1,rent,Fruit/veg cart,2.2,0,329592,medical_emergency,13086,20.4,0.04,6,very_low,111,1553.0,3,9,3,0,None,0,1,3,0,N,0,0,0,synthetic_PK_calibrated
55,male,Rawalpindi,urban,6,0,rent,Self-employed electrician,8.9,0,540108,medical_emergency,75272,23.2,0.139,24,middle,390,17776.0,9,3,6,1,SadaPay,30,1,3,1,N,1,1,0,synthetic_PK_calibrated
44,female,Multan,peri_urban,5,1,own,Construction worker,5.3,1,302364,equipment_purchase,126918,22.8,0.42,3,low,177,4774.0,6,6,3,0,None,0,1,5,0,Y,1,1,1,synthetic_PK_calibrated
50,male,Multan,peri_urban,5,2,own,Informal factory worker,1.9,0,338808,medical_emergency,109249,23.2,0.322,6,lower_middle,230,9078.0,9,3,2,1,SadaPay,18,1,2,0,N,0,0,0,synthetic_PK_calibrated
45,female,Multan,peri_urban,2,0,family_home,Small shopkeeper,2.1,0,769476,education,102143,22.4,0.133,18,lower_middle,206,8131.0,9,3,8,1,EasyPaisa,34,0,3,0,N,3,1,0,synthetic_PK_calibrated
30,male,Lahore,urban,3,0,own,Domestic worker,2.0,0,197736,education,117239,35.5,0.593,24,very_low,103,1441.0,6,6,4,0,None,0,0,5,0,Y,0,0,1,synthetic_PK_calibrated
38,male,Karachi,urban,7,5,rent,Rickshaw/bike driver,4.4,0,543204,equipment_purchase,119688,29.1,0.22,3,low,152,4099.0,5,7,5,1,JazzCash,31,0,3,0,N,2,0,0,synthetic_PK_calibrated
24,male,Lahore,urban,2,0,own,Self-employed electrician,1.9,0,732636,medical_emergency,74830,29.1,0.102,18,middle,342,15588.0,10,2,9,0,None,0,1,2,0,N,1,0,0,synthetic_PK_calibrated
55,male,Karachi,urban,5,2,rent,Daily wage laborer,5.5,0,332196,working_capital,39734,23.9,0.12,6,very_low,56,783.0,7,5,2,1,JazzCash,7,1,4,0,N,3,0,0,synthetic_PK_calibrated
54,male,Peshawar,peri_urban,6,0,rent,Home-based worker,4.7,0,290112,home_repair,80593,30.8,0.278,3,very_low,110,1539.0,4,8,1,1,NayaPay,9,1,3,0,N,3,1,0,synthetic_PK_calibrated
31,male,Lahore,urban,6,4,family_home,Domestic worker,4.2,0,220956,livestock,97185,31.7,0.44,6,very_low,102,1427.0,6,6,3,1,NayaPay,32,1,2,1,Y,0,1,0,synthetic_PK_calibrated
54,male,Rahim Yar Khan,rural_adjacent,7,2,own,Street food vendor,1.3,1,432348,medical_emergency,20646,20.1,0.048,6,low,215,5799.0,6,6,5,0,None,0,1,3,1,Y,0,0,1,synthetic_PK_calibrated
40,female,Multan,peri_urban,2,0,own,Informal factory worker,5.5,0,346656,education,114796,26.8,0.331,18,lower_middle,220,8683.0,7,5,5,0,None,0,1,1,0,N,1,1,0,synthetic_PK_calibrated
56,male,Peshawar,peri_urban,2,0,own,Rickshaw/bike driver,2.6,0,399912,education,125179,32.4,0.313,9,low,137,3695.0,5,7,4,1,EasyPaisa,5,1,4,1,N,0,0,0,synthetic_PK_calibrated
56,female,Lahore,urban,4,1,rent,Domestic worker,1.0,0,212724,home_repair,21722,20.6,0.102,3,very_low,95,1329.0,1,11,3,1,NayaPay,28,1,3,0,Y,3,0,0,synthetic_PK_calibrated
27,male,Multan,peri_urban,4,1,family_home,Rickshaw/bike driver,0.5,0,321648,working_capital,73517,26.9,0.229,9,low,146,3938.0,8,4,5,1,NayaPay,17,1,4,1,N,1,0,0,synthetic_PK_calibrated
54,male,Karachi,urban,3,0,family_home,Rickshaw/bike driver,0.5,0,445404,home_repair,36131,28.9,0.081,3,low,143,3857.0,5,7,4,0,None,0,0,4,0,Y,1,0,1,synthetic_PK_calibrated
51,female,Rawalpindi,urban,2,0,rent,Informal factory worker,0.5,0,403512,working_capital,18763,24.1,0.046,3,lower_middle,243,9591.0,8,4,3,1,SadaPay,12,1,2,0,N,3,0,0,synthetic_PK_calibrated
46,male,Multan,peri_urban,3,0,family_home,Small shopkeeper,1.1,0,639624,medical_emergency,46842,24.0,0.073,9,lower_middle,302,11920.0,6,6,6,1,EasyPaisa,28,1,2,0,N,1,0,0,synthetic_PK_calibrated
28,male,Lahore,urban,2,0,family_home,Self-employed electrician,6.4,0,541440,home_repair,102157,23.1,0.189,6,middle,399,18186.0,5,7,9,0,None,0,1,2,1,N,3,0,0,synthetic_PK_calibrated
27,female,Gujranwala,urban,5,3,family_home,Small farmer,2.2,1,342360,working_capital,52182,23.9,0.152,18,lower_middle,240,9473.0,8,4,5,0,None,0,1,2,0,N,3,0,0,synthetic_PK_calibrated
46,male,Rawalpindi,urban,4,2,rent,Construction worker,8.4,1,256320,home_repair,54823,19.9,0.214,3,low,111,2994.0,2,10,8,0,None,0,0,3,0,Y,0,1,1,synthetic_PK_calibrated
42,female,Rawalpindi,urban,2,0,rent,Daily wage laborer,0.5,0,216396,working_capital,48671,23.4,0.225,18,very_low,115,1609.0,4,8,2,1,JazzCash,9,1,5,0,Y,1,0,1,synthetic_PK_calibrated
21,male,Lahore,urban,3,0,rent,Daily wage laborer,0.5,0,351156,medical_emergency,110209,35.9,0.314,3,very_low,88,1231.0,7,5,3,0,None,0,0,3,0,Y,0,0,0,synthetic_PK_calibrated
35,female,Rawalpindi,urban,7,4,family_home,Small shopkeeper,0.5,0,665364,medical_emergency,87306,26.9,0.131,24,lower_middle,239,9433.0,8,4,8,1,SadaPay,20,1,3,0,N,2,0,0,synthetic_PK_calibrated
53,male,Sialkot,peri_urban,3,0,own,Street food vendor,1.4,1,407604,working_capital,122177,28.7,0.3,3,low,111,2994.0,6,6,5,1,EasyPaisa,15,1,4,0,N,2,0,0,synthetic_PK_calibrated
55,male,Bahawalpur,rural_adjacent,4,0,rent,Motorcycle mechanic,17.3,0,385452,medical_emergency,141361,30.5,0.367,6,lower_middle,305,12038.0,6,6,6,0,None,0,1,1,0,N,2,0,0,synthetic_PK_calibrated
48,female,Bahawalpur,rural_adjacent,3,1,rent,Self-employed electrician,7.1,0,385440,equipment_purchase,40571,36.0,0.105,3,middle,336,15315.0,8,4,3,0,None,0,1,3,0,N,1,0,0,synthetic_PK_calibrated
44,male,Karachi,urban,7,2,rent,Home-based worker,1.1,0,273432,livestock,14903,29.0,0.055,24,very_low,60,839.0,9,3,3,0,None,0,1,3,0,N,0,1,0,synthetic_PK_calibrated
42,female,Rahim Yar Khan,rural_adjacent,7,1,rent,Rickshaw/bike driver,0.5,0,279696,education,134412,34.4,0.481,12,low,202,5448.0,6,6,2,1,SadaPay,3,1,3,0,N,1,0,1,synthetic_PK_calibrated
47,male,Lahore,urban,8,2,family_home,Daily wage laborer,1.0,0,350748,working_capital,126317,34.2,0.36,9,very_low,99,1385.0,4,8,7,0,None,0,1,3,0,Y,1,0,1,synthetic_PK_calibrated
26,male,Rawalpindi,urban,3,0,own,Street food vendor,1.8,1,353652,medical_emergency,148941,34.2,0.421,12,low,119,3209.0,9,3,3,0,None,0,1,3,1,Y,0,0,0,synthetic_PK_calibrated
29,female,Gujranwala,urban,4,1,own,Street food vendor,1.5,1,462936,education,105887,25.3,0.229,18,low,167,4504.0,5,7,4,0,None,0,0,4,0,N,1,1,0,synthetic_PK_calibrated
55,female,Faisalabad,urban,6,2,own,Small shopkeeper,3.8,0,352788,home_repair,74726,29.3,0.212,6,lower_middle,280,11052.0,9,3,6,0,None,0,1,2,1,N,1,0,0,synthetic_PK_calibrated
29,male,Rahim Yar Khan,rural_adjacent,4,0,family_home,Domestic worker,1.2,0,269544,working_capital,40391,31.5,0.15,3,very_low,63,881.0,4,8,3,0,None,0,0,5,0,Y,1,0,1,synthetic_PK_calibrated
44,male,Gujranwala,urban,8,3,rent,Self-employed electrician,2.3,0,739368,medical_emergency,80769,26.0,0.109,3,middle,310,14130.0,9,3,6,1,EasyPaisa,22,1,3,1,N,2,0,0,synthetic_PK_calibrated
50,male,Peshawar,peri_urban,8,0,own,Daily wage laborer,16.8,0,268224,livestock,107125,28.7,0.399,18,very_low,111,1553.0,6,6,4,1,NayaPay,33,1,4,0,Y,3,0,1,synthetic_PK_calibrated
46,male,Rawalpindi,urban,3,1,rent,Street food vendor,15.9,1,498396,equipment_purchase,66549,35.0,0.134,9,low,218,5879.0,6,6,2,0,None,0,1,4,0,N,3,1,1,synthetic_PK_calibrated
46,male,Gujranwala,urban,7,2,family_home,Motorcycle mechanic,1.2,0,443676,home_repair,70317,24.0,0.158,24,lower_middle,316,12473.0,4,8,8,0,None,0,0,2,0,N,1,0,0,synthetic_PK_calibrated
36,male,Peshawar,peri_urban,4,1,own,Informal factory worker,11.8,0,314508,medical_emergency,145290,24.2,0.462,24,lower_middle,253,9986.0,8,4,6,0,None,0,1,3,0,N,1,0,1,synthetic_PK_calibrated
24,male,Rawalpindi,urban,2,0,family_home,Rickshaw/bike driver,1.7,0,420720,working_capital,88087,29.9,0.209,24,low,203,5475.0,7,5,5,0,None,0,1,2,0,N,1,0,1,synthetic_PK_calibrated
37,male,Gujranwala,urban,3,1,family_home,Street food vendor,3.6,1,419148,home_repair,6844,29.8,0.016,24,low,105,2832.0,5,7,5,0,None,0,1,3,0,N,3,1,0,synthetic_PK_calibrated
27,male,Rawalpindi,urban,2,0,rent,Home-based worker,6.4,0,166776,home_repair,19787,18.7,0.119,6,very_low,111,1553.0,3,9,4,0,None,0,0,3,0,N,0,1,0,synthetic_PK_calibrated
37,male,Karachi,urban,4,0,rent,Home-based worker,9.4,0,325104,education,96991,18.9,0.298,6,very_low,111,1553.0,6,6,1,0,None,0,0,2,0,Y,0,0,1,synthetic_PK_calibrated
47,male,Faisalabad,urban,5,0,family_home,Construction worker,6.1,1,378948,education,46525,20.4,0.123,12,low,217,5852.0,3,9,2,0,None,0,0,4,0,Y,0,0,1,synthetic_PK_calibrated
42,male,Karachi,urban,7,4,own,Home-based worker,1.2,0,159996,home_repair,87561,20.9,0.547,3,very_low,62,867.0,10,2,5,0,None,0,1,3,0,Y,3,0,0,synthetic_PK_calibrated
44,male,Sialkot,peri_urban,6,2,own,Daily wage laborer,2.7,0,314724,home_repair,125791,18.3,0.4,18,very_low,99,1385.0,6,6,2,1,NayaPay,34,1,4,0,N,3,0,0,synthetic_PK_calibrated
34,female,Rawalpindi,urban,8,1,family_home,Construction worker,2.1,1,459804,inventory_purchase,8101,24.6,0.018,12,low,149,4019.0,5,7,5,1,SadaPay,15,0,4,0,N,3,1,0,synthetic_PK_calibrated
20,male,Lahore,urban,8,4,own,Street food vendor,3.6,1,489624,home_repair,47417,25.2,0.097,24,low,135,3641.0,6,6,4,1,SadaPay,15,1,2,0,N,2,0,0,synthetic_PK_calibrated
39,male,Rawalpindi,urban,8,2,family_home,Rickshaw/bike driver,2.5,0,506736,education,47120,30.1,0.093,9,low,114,3075.0,3,9,8,0,None,0,1,4,0,Y,3,1,0,synthetic_PK_calibrated
20,male,Lahore,urban,7,1,rent,Small farmer,15.3,1,585156,working_capital,138142,34.5,0.236,12,lower_middle,189,7460.0,6,6,6,1,JazzCash,18,0,2,1,N,0,0,1,synthetic_PK_calibrated
47,female,Bahawalpur,rural_adjacent,3,0,family_home,Small shopkeeper,7.1,0,891876,equipment_purchase,31527,30.5,0.035,24,lower_middle,252,9946.0,9,3,6,1,NayaPay,16,1,3,0,Y,2,0,1,synthetic_PK_calibrated
28,male,Lahore,urban,3,1,rent,Home-based worker,0.8,0,335904,inventory_purchase,36354,29.6,0.108,12,very_low,118,1651.0,9,3,4,1,JazzCash,5,1,3,0,N,2,1,0,synthetic_PK_calibrated
27,male,Bahawalpur,rural_adjacent,8,2,family_home,Daily wage laborer,4.4,0,251364,medical_emergency,103264,35.1,0.411,24,very_low,108,1511.0,5,7,3,0,None,0,1,1,0,N,0,0,0,synthetic_PK_calibrated
51,male,Gujranwala,urban,7,5,rent,Street food vendor,0.5,1,336780,livestock,89164,35.2,0.265,24,low,176,4747.0,7,5,4,1,JazzCash,14,1,3,0,N,2,0,0,synthetic_PK_calibrated
24,male,Gujranwala,urban,3,0,family_home,Fruit/veg cart,5.6,0,234012,education,48347,24.9,0.207,12,very_low,109,1525.0,7,5,5,1,NayaPay,33,1,4,0,N,3,0,0,synthetic_PK_calibrated
25,female,Bahawalpur,rural_adjacent,8,1,family_home,Fruit/veg cart,4.6,0,391560,livestock,101931,24.0,0.26,3,very_low,81,1133.0,2,10,4,0,None,0,1,2,0,N,2,1,0,synthetic_PK_calibrated
56,female,Karachi,urban,5,1,own,Small shopkeeper,3.1,0,708864,medical_emergency,70200,18.2,0.099,18,lower_middle,291,11486.0,11,1,8,0,None,0,1,3,0,N,1,0,0,synthetic_PK_calibrated
54,male,Rawalpindi,urban,8,3,rent,Daily wage laborer,9.3,0,378300,home_repair,74498,27.8,0.197,24,very_low,64,895.0,3,9,5,1,NayaPay,26,0,3,0,N,0,0,0,synthetic_PK_calibrated
25,male,Peshawar,peri_urban,5,3,rent,Home-based worker,0.5,0,174876,medical_emergency,14109,27.2,0.081,6,very_low,53,741.0,5,7,3,1,SadaPay,11,1,2,0,N,2,0,0,synthetic_PK_calibrated
53,male,Multan,peri_urban,7,4,rent,Fruit/veg cart,7.6,0,300504,medical_emergency,24589,29.3,0.082,18,very_low,83,1161.0,6,6,1,0,None,0,1,2,1,N,0,0,0,synthetic_PK_calibrated
32,male,Rawalpindi,urban,2,0,rent,Small shopkeeper,2.9,0,808548,education,64937,21.2,0.08,18,lower_middle,293,11565.0,9,3,6,0,None,0,1,3,0,Y,2,0,1,synthetic_PK_calibrated
40,male,Faisalabad,urban,3,1,rent,Street food vendor,1.6,1,398424,working_capital,83393,35.3,0.209,12,low,131,3533.0,6,6,4,1,EasyPaisa,2,0,2,0,N,2,1,1,synthetic_PK_calibrated
33,male,Lahore,urban,4,0,own,Daily wage laborer,0.5,0,272580,equipment_purchase,85249,33.9,0.313,24,very_low,56,783.0,4,8,4,0,None,0,0,4,0,N,1,0,0,synthetic_PK_calibrated
35,male,Gujranwala,urban,4,1,rent,Daily wage laborer,5.1,0,291072,equipment_purchase,35375,29.3,0.122,18,very_low,78,1091.0,4,8,6,0,None,0,1,3,0,N,3,0,1,synthetic_PK_calibrated
24,female,Gujranwala,urban,6,2,own,Daily wage laborer,5.6,0,300048,inventory_purchase,113169,35.8,0.377,12,very_low,105,1469.0,6,6,4,0,None,0,1,3,0,Y,0,1,1,synthetic_PK_calibrated
55,male,Gujranwala,urban,8,0,family_home,Daily wage laborer,11.7,0,288612,medical_emergency,63263,33.8,0.219,9,very_low,95,1329.0,6,6,4,0,None,0,1,1,0,N,2,0,0,synthetic_PK_calibrated
56,male,Multan,peri_urban,8,0,family_home,Construction worker,0.6,1,254472,education,53993,27.4,0.212,18,low,137,3695.0,4,8,4,0,None,0,1,5,0,N,3,0,1,synthetic_PK_calibrated
55,male,Sialkot,peri_urban,4,0,rent,Construction worker,0.9,1,276144,equipment_purchase,149909,20.9,0.543,12,low,170,4585.0,2,10,2,0,None,0,1,4,0,Y,0,0,1,synthetic_PK_calibrated
31,female,Gujranwala,urban,6,2,rent,Daily wage laborer,2.0,0,230160,livestock,129420,35.9,0.562,3,very_low,54,755.0,4,8,5,1,NayaPay,16,1,3,0,N,3,0,0,synthetic_PK_calibrated
26,female,Multan,peri_urban,2,0,rent,Construction worker,0.5,1,297468,livestock,9485,35.5,0.032,18,low,211,5691.0,5,7,4,0,None,0,1,4,1,Y,0,1,0,synthetic_PK_calibrated
36,male,Faisalabad,urban,3,1,family_home,Domestic worker,3.9,0,356448,working_capital,103138,32.3,0.289,9,very_low,117,1637.0,6,6,4,1,JazzCash,14,1,4,0,N,1,0,0,synthetic_PK_calibrated
43,male,Karachi,urban,4,2,family_home,Informal factory worker,9.7,0,303480,education,105434,19.2,0.347,18,lower_middle,246,9710.0,8,4,7,1,JazzCash,15,1,2,0,N,0,0,1,synthetic_PK_calibrated
34,male,Multan,peri_urban,5,2,own,Informal factory worker,0.8,0,518256,inventory_purchase,21411,33.2,0.041,18,lower_middle,265,10460.0,6,6,5,1,NayaPay,8,1,2,1,Y,0,0,1,synthetic_PK_calibrated
55,male,Peshawar,peri_urban,5,3,rent,Street food vendor,2.1,1,242424,home_repair,92432,30.9,0.381,9,low,150,4046.0,3,9,1,1,JazzCash,31,1,4,0,Y,0,1,1,synthetic_PK_calibrated
21,male,Rawalpindi,urban,7,0,rent,Small farmer,23.0,1,452832,inventory_purchase,103531,21.9,0.229,6,lower_middle,234,9236.0,7,5,4,0,None,0,1,3,0,Y,0,1,1,synthetic_PK_calibrated
21,female,Faisalabad,urban,5,0,family_home,Self-employed electrician,8.7,0,495888,working_capital,52905,33.5,0.107,18,middle,400,18232.0,9,3,8,1,SadaPay,13,1,3,0,Y,1,0,0,synthetic_PK_calibrated
46,male,Rawalpindi,urban,6,1,rent,Construction worker,0.5,1,410232,education,65615,25.3,0.16,24,low,214,5772.0,3,9,5,0,None,0,1,2,0,N,3,1,0,synthetic_PK_calibrated
29,female,Karachi,urban,6,4,family_home,Small shopkeeper,3.6,0,700404,home_repair,91465,21.6,0.131,18,lower_middle,269,10617.0,10,2,10,0,None,0,0,1,1,Y,3,1,1,synthetic_PK_calibrated
42,male,Lahore,urban,5,3,rent,Street food vendor,0.8,1,301692,working_capital,140593,19.7,0.466,9,low,161,4342.0,5,7,4,0,None,0,1,4,0,Y,3,0,1,synthetic_PK_calibrated
24,male,Rawalpindi,urban,4,2,family_home,Informal factory worker,0.5,0,332664,home_repair,79852,34.3,0.24,6,lower_middle,238,9394.0,6,6,6,1,JazzCash,22,1,3,0,N,3,0,0,synthetic_PK_calibrated
31,female,Rahim Yar Khan,rural_adjacent,8,2,rent,Construction worker,1.2,1,392616,inventory_purchase,58535,23.1,0.149,18,low,158,4261.0,4,8,4,1,SadaPay,20,1,4,1,Y,2,1,0,synthetic_PK_calibrated
24,female,Rahim Yar Khan,rural_adjacent,8,1,own,Daily wage laborer,6.2,0,233652,equipment_purchase,116709,20.4,0.499,24,very_low,59,825.0,5,7,5,1,SadaPay,19,0,4,0,Y,1,0,1,synthetic_PK_calibrated
32,female,Gujranwala,urban,3,0,family_home,Daily wage laborer,1.0,0,314388,equipment_purchase,118572,24.0,0.377,12,very_low,86,1203.0,6,6,5,1,EasyPaisa,32,1,4,0,Y,1,0,0,synthetic_PK_calibrated
23,female,Rahim Yar Khan,rural_adjacent,5,2,rent,Domestic worker,5.5,0,229584,inventory_purchase,85481,24.2,0.372,24,very_low,97,1357.0,3,9,2,1,EasyPaisa,4,1,2,0,Y,3,1,1,synthetic_PK_calibrated
38,male,Bahawalpur,rural_adjacent,2,0,family_home,Small farmer,2.5,1,218448,inventory_purchase,83812,23.1,0.384,18,lower_middle,273,10775.0,4,8,6,1,EasyPaisa,23,0,5,0,N,3,1,0,synthetic_PK_calibrated
56,male,Bahawalpur,rural_adjacent,2,0,family_home,Small farmer,4.1,1,432696,equipment_purchase,10362,35.3,0.024,18,lower_middle,251,9907.0,4,8,7,0,None,0,0,4,0,Y,3,0,1,synthetic_PK_calibrated
50,female,Bahawalpur,rural_adjacent,6,4,own,Street food vendor,5.4,1,465504,livestock,66580,28.0,0.143,24,low,102,2751.0,4,8,2,0,None,0,1,3,0,Y,1,1,1,synthetic_PK_calibrated
47,female,Faisalabad,urban,6,4,own,Home-based worker,0.5,0,309576,home_repair,14821,33.9,0.048,9,very_low,118,1651.0,9,3,3,1,EasyPaisa,16,1,4,1,Y,1,1,0,synthetic_PK_calibrated
20,female,Karachi,urban,7,0,family_home,Informal factory worker,8.7,0,523656,education,111459,19.2,0.213,9,lower_middle,285,11249.0,5,7,2,1,SadaPay,13,1,2,0,N,2,1,0,synthetic_PK_calibrated
40,male,Lahore,urban,6,3,rent,Small shopkeeper,9.0,0,682176,home_repair,23141,31.3,0.034,12,lower_middle,252,9946.0,6,6,6,0,None,0,0,3,1,N,2,1,0,synthetic_PK_calibrated
43,male,Karachi,urban,3,0,rent,Informal factory worker,0.6,0,361704,education,125631,20.5,0.347,12,lower_middle,310,12236.0,9,3,5,0,None,0,1,4,0,N,1,1,0,synthetic_PK_calibrated
45,female,Rahim Yar Khan,rural_adjacent,3,0,family_home,Daily wage laborer,3.8,0,251160,livestock,18796,18.7,0.075,12,very_low,107,1497.0,4,8,4,0,None,0,1,3,0,Y,2,0,0,synthetic_PK_calibrated
22,male,Bahawalpur,rural_adjacent,2,0,rent,Small farmer,3.1,1,296436,livestock,105838,19.7,0.357,12,lower_middle,204,8052.0,5,7,5,1,NayaPay,21,1,4,0,Y,3,1,1,synthetic_PK_calibrated
42,male,Sialkot,peri_urban,7,4,family_home,Domestic worker,1.1,0,206376,working_capital,90148,28.3,0.437,3,very_low,71,993.0,5,7,1,0,None,0,1,3,0,Y,3,0,0,synthetic_PK_calibrated
25,male,Sialkot,peri_urban,3,1,own,Rickshaw/bike driver,3.8,0,562116,working_capital,26366,33.6,0.047,6,low,179,4828.0,5,7,4,0,None,0,1,3,0,Y,0,0,1,synthetic_PK_calibrated
44,male,Multan,peri_urban,5,2,rent,Small shopkeeper,6.3,0,457920,working_capital,55123,29.4,0.12,24,lower_middle,226,8920.0,6,6,10,1,NayaPay,26,0,3,0,N,2,0,0,synthetic_PK_calibrated
43,male,Multan,peri_urban,3,0,rent,Small shopkeeper,0.5,0,579264,medical_emergency,43682,19.5,0.075,6,lower_middle,235,9275.0,5,7,7,1,NayaPay,20,1,2,1,Y,1,0,1,synthetic_PK_calibrated
23,female,Gujranwala,urban,7,2,rent,Street food vendor,0.7,1,317460,medical_emergency,50169,21.9,0.158,12,low,196,5286.0,8,4,7,1,SadaPay,10,1,4,0,N,0,0,0,synthetic_PK_calibrated
52,male,Bahawalpur,rural_adjacent,2,0,family_home,Street food vendor,0.7,1,415380,education,130711,24.8,0.315,6,low,178,4801.0,6,6,2,0,None,0,0,3,0,N,1,1,1,synthetic_PK_calibrated
48,male,Rahim Yar Khan,rural_adjacent,6,3,rent,Daily wage laborer,5.6,0,355428,medical_emergency,26116,21.7,0.073,9,very_low,94,1315.0,4,8,4,1,JazzCash,6,1,3,0,N,1,1,1,synthetic_PK_calibrated
56,male,Gujranwala,urban,5,0,rent,Construction worker,6.2,1,510384,equipment_purchase,96331,30.9,0.189,12,low,121,3263.0,7,5,8,1,EasyPaisa,2,1,4,1,N,1,0,0,synthetic_PK_calibrated
